acquisition_percentage,notification_delay_days,award_delay_days,affected_landowners,court_cases_count,litigation_flag,encroachment,possession_pending,land_required_ha,land_acquired_ha,compensation_pending,compensation_pending_percentage,affected_families,land_dispute_flag,title_issue_flag,land_record_issue_flag,r_and_r_required,r_and_r_pending,row_issue,forest_clearance_pending,administrative_delay,delay_days_target
,,,,0,0,0,0,,,,,,0,0,0,0,0,0,0,0,396.0
,,,,0,0,0,0,,,,,,0,0,0,0,0,0,0,0,396.0
,,,,0,0,0,0,,,,,,0,0,0,0,0,0,0,0,396.0
,,,,0,0,0,0,,,,,,0,0,0,0,0,0,0,0,457.0
,,,,0,0,0,0,,,,,,0,0,0,0,0,0,0,0,457.0
,,,,0,0,0,0,,,,,,0,0,0,0,0,0,0,0,822.0
,,,,0,0,0,0,,,,,,0,0,0,0,0,0,0,0,822.0
,,,,0,0,0,0,,,,,,0,0,0,0,0,0,0,0,1096.0
,,,,0,0,0,0,,,,,,0,0,0,0,0,0,0,0,1096.0
,,,,0,0,0,0,,,,,,0,0,0,0,0,0,0,0,1218.0
,,,,0,0,0,0,,,,,,0,0,0,0,0,0,0,0,1400.0
,,,,0,0,0,0,,,,,,0,0,0,0,0,0,0,0,1826.0
,,,,0,0,0,0,,,,,,0,0,0,0,0,0,0,0,2009.0
,,,,0,0,0,0,,,,,,0,0,0,0,0,0,0,0,2283.0
,,,,0,0,0,0,,,,,,0,0,0,0,0,0,0,0,2405.0
,,,,0,0,0,0,,,,,,0,0,0,0,0,0,0,0,2709.0
,,,,0,0,0,0,,,,,,0,0,0,0,0,0,0,0,2800.0
,,,,0,0,0,0,,,,,,0,0,0,0,0,0,0,0,2831.0
,,,,0,0,0,0,,,,,,0,0,0,0,0,0,0,0,2983.0
,,,,0,0,0,0,,,,,,0,0,0,0,0,0,0,0,3013.0
,743.0,,1227.0,0,0,0,0,11.202751922298663,,,,,0,0,0,0,0,0,0,0,743.0
,743.0,,375.0,0,0,0,0,9.883043302306758,,,,,0,0,0,0,0,0,0,0,743.0
,743.0,,1038.0,0,0,0,0,10.005261027923916,,,,,0,0,0,0,0,0,0,0,743.0
,743.0,,492.0,0,0,0,0,2.5115337919870497,,,,,0,0,0,0,0,0,0,0,743.0
,782.0,,657.0,0,0,0,0,41.756778632132736,,,,,0,0,0,0,0,0,0,0,782.0
,743.0,,1315.0,0,0,0,0,2.3168757588021043,,,,,0,0,0,0,0,0,0,0,743.0
,743.0,,890.0,0,0,0,0,9.114933225414813,,,,,0,0,0,0,0,0,0,0,743.0
,743.0,,1116.0,0,0,0,0,7.86685552407932,,,,,0,0,0,0,0,0,0,0,743.0
,743.0,,580.0,0,0,0,0,5.944961554026709,,,,,0,0,0,0,0,0,0,0,743.0
,743.0,,338.0,0,0,0,0,10.749898826386078,,,,,0,0,0,0,0,0,0,0,743.0
,743.0,,478.0,0,0,0,0,3.212464589235127,,,,,0,0,0,0,0,0,0,0,743.0
,724.0,,422.0,0,0,0,0,22.857142857142858,,,,,0,0,0,0,0,0,0,0,724.0
,724.0,,1038.0,0,0,0,0,5.135572642654795,,,,,0,0,0,0,0,0,0,0,724.0
,724.0,,592.0,0,0,0,0,20.9048968029138,,,,,0,0,0,0,0,0,0,0,724.0
,724.0,,2257.0,0,0,0,0,9.300687980574663,,,,,0,0,0,0,0,0,0,0,724.0
,686.0,,628.0,0,0,0,0,8.929583164710644,,,,,0,0,0,0,0,0,0,0,686.0
,686.0,,495.0,0,0,0,0,1.469850263051396,,,,,0,0,0,0,0,0,0,0,686.0
,686.0,,757.0,0,0,0,0,12.329421286928367,,,,,0,0,0,0,0,0,0,0,686.0
,686.0,,495.0,0,0,0,0,3.636179684338324,,,,,0,0,0,0,0,0,0,0,686.0
,686.0,,112.0,0,0,0,0,5.085795224605423,,,,,0,0,0,0,0,0,0,0,686.0
,686.0,,373.0,0,0,0,0,4.015783083771752,,,,,0,0,0,0,0,0,0,0,686.0
,686.0,,309.0,0,0,0,0,2.299069202751922,,,,,0,0,0,0,0,0,0,0,686.0
,686.0,,137.0,0,0,0,0,11.36543909348442,,,,,0,0,0,0,0,0,0,0,686.0
,686.0,,534.0,0,0,0,0,0.9781464993929582,,,,,0,0,0,0,0,0,0,0,686.0
,,299.0,,0,1,0,0,10.582760016187777,,,,,1,0,0,0,0,0,0,0,299.0
,,170.0,,0,1,0,0,94.293808174828,,,,,1,0,0,0,0,0,0,0,170.0
,,183.0,,0,1,0,0,3.7312828814245247,,,,,1,0,0,0,0,0,0,0,183.0
,,183.0,,0,1,0,0,11.031970861999191,,,,,1,0,0,0,0,0,0,0,183.0
,,375.0,,0,1,0,0,0.1497369486038041,,,,,1,0,0,0,0,0,0,0,375.0
,,510.0,,0,1,0,0,0.1659247268312424,,,,,1,0,0,0,0,0,0,0,510.0
,,466.0,,0,1,0,0,6.543909348441927,,,,,1,0,0,0,0,0,0,0,466.0
,,468.0,,0,1,0,0,0.4330230675839741,,,,,1,0,0,0,0,0,0,0,468.0
,,479.0,,0,1,0,0,6.936462970457304,,,,,1,0,0,0,0,0,0,0,479.0
,,260.0,,0,1,0,0,0.7648725212464589,,,,,1,0,0,0,0,0,0,0,260.0
,,356.0,,0,0,0,0,1.5985430999595305,,,,,0,0,0,0,0,0,0,0,356.0
,,356.0,,0,0,0,0,1.3152569809793606,,,,,0,0,0,0,0,0,0,0,356.0
,,356.0,,0,0,0,0,7.333063537029543,,,,,0,0,0,0,0,0,0,0,356.0
,,356.0,,0,0,0,0,8.162687171185755,,,,,0,0,0,0,0,0,0,0,356.0
,,560.0,,0,0,0,0,2.5131525698097934,,,,,0,0,0,0,0,0,0,0,560.0
,,593.0,,0,0,0,0,1.1776608660461352,,,,,0,0,0,0,0,0,0,0,593.0
,,307.0,,0,0,0,0,1.2747875354107647,,,,,0,0,0,0,0,0,0,0,307.0
,,307.0,,0,0,0,0,2.217725617159045,,,,,0,0,0,0,0,0,0,0,307.0
,,466.0,,0,0,0,0,6.859571023876972,,,,,0,0,0,0,0,0,0,0,466.0
,,483.0,,0,0,0,0,9.077296641036018,,,,,0,0,0,0,0,0,0,0,483.0
,,375.0,,0,0,0,0,0.7163091865641441,,,,,0,0,0,0,0,0,0,0,375.0
,,370.0,,0,0,0,0,3.0878186968838524,,,,,0,0,0,0,0,0,0,0,370.0
,,298.0,,0,0,0,0,1.4042897612302712,,,,,0,0,0,0,0,0,0,0,298.0
96.39209200471662,,,,0,0,0,1,1306.02,1258.9,,,,0,0,0,0,0,0,0,0,6574.0
43.47026209677419,,,,0,0,0,1,396.8,172.49,,,,0,0,0,0,0,0,0,0,6574.0
96.66452420418796,,,,0,0,0,1,59122.0,57150.0,,,,0,0,0,0,0,0,0,0,5844.0
87.35729830510203,,,,0,0,0,1,13725.31,11990.06,,,,0,0,0,0,0,0,0,0,1826.0
83.10309629125553,,,,0,0,0,1,14695.0,12212.0,,,,0,0,0,0,0,0,0,0,2922.0
26.64390756302521,,,1176.0,0,0,0,1,1904.0,507.3,2257796721.4486365,37.243912612424666,455.0,0,0,0,0,0,0,0,0,573.0
90.31504922644163,,,910.0,0,0,0,0,3555.0,3210.7,3353795448.257205,73.2351253609406,290.0,0,0,0,1,1,0,1,0,410.0
0.0,,,1180.0,1,1,0,0,1556.0,0.0,946848054.3845787,11.985212704123883,91.0,0,0,0,1,1,0,1,0,1337.0
17.62946912242687,,,1774.0,1,1,0,1,2307.5,406.8,13088832062.78978,47.29887181248304,40.0,0,0,0,1,1,0,1,0,1146.0
41.99129951264187,,,1688.0,2,1,0,1,3057.3,1283.8,875957871.5828829,12.102407158134444,141.0,0,0,0,0,0,0,1,0,785.0
59.833886313199,,,516.0,2,1,0,1,4551.1,2723.1,21039370039.63772,100.0,234.0,0,0,0,1,1,0,0,0,1180.0
66.55874953602508,,,380.0,0,0,0,0,4849.4,3227.7,9933160073.71151,14.729558442055579,478.0,0,0,0,0,0,0,0,0,396.0
12.503588860178006,,,137.0,1,1,0,0,1393.2,174.2,17557559368.50655,100.0,392.0,0,0,0,1,1,0,1,0,1392.0
39.69260613295531,,,1173.0,4,1,0,0,4020.9,1596.0,1106024600.0022106,25.53294844636528,683.0,0,0,0,0,0,0,0,0,779.0
50.72413473995928,,,180.0,1,1,0,0,4322.4,2192.5,29078080008.109962,69.16696951381161,681.0,0,0,0,1,1,0,1,0,1083.0
85.04478916320734,,,1382.0,0,0,0,1,3661.6,3114.0,10628350327.846317,38.13754462684116,789.0,0,0,0,0,0,0,0,0,365.0
83.86663366686702,,,393.0,1,1,0,1,2828.3,2372.0,0.0,0.0,511.0,0,0,0,1,1,0,0,0,536.0
62.60914227015921,,,1487.0,2,1,0,1,584.1,365.7,1954670441.3941371,61.96029401863472,405.0,0,0,0,1,1,0,1,0,1639.0
44.452900388973454,,,1265.0,5,1,0,0,1182.6,525.7,2023178234.1037288,82.33974411572751,296.0,0,0,0,0,0,0,0,0,1294.0
100.0,,,1234.0,1,1,0,1,4468.2,4468.2,26011500374.15741,42.977868241806696,479.0,0,0,0,1,1,0,1,0,1034.0
16.093384074941454,,,1387.0,1,1,0,0,4099.2,659.7,26638328889.884808,49.795461734301554,41.0,0,0,0,1,1,0,1,0,1281.0
73.58930514534433,,,302.0,2,1,0,1,643.3,473.4,2013145962.0264316,56.64243633404262,767.0,0,0,0,0,0,0,0,0,690.0
9.796660819853182,,,906.0,1,1,0,0,1539.3,150.8,3524518133.6919107,45.906092698013325,580.0,0,0,0,0,0,0,1,0,689.0
54.229343035052125,,,524.0,2,1,0,0,1429.3,775.1,1642217463.3584309,37.93810630665549,78.0,0,0,0,1,1,0,1,0,832.0
82.55728614531517,,,560.0,2,1,0,1,1226.3,1012.4,0.0,0.0,701.0,0,0,0,0,0,0,1,0,796.0
30.284130284130285,,,1549.0,2,1,0,0,4184.7,1267.3,4775805426.367058,72.65190918411089,719.0,0,0,0,0,0,0,0,0,720.0
62.05759033173018,,,1025.0,1,1,0,1,3243.6,2012.9,9685740983.491756,86.77696936935213,209.0,0,0,0,1,1,0,1,0,1918.0
49.29528850025887,,,1007.0,3,1,0,1,1738.3,856.9,4940358322.528309,27.755128058641382,706.0,0,0,0,1,1,0,1,0,1491.0
83.45677583613008,,,1007.0,3,1,0,0,1728.2,1442.3,2963854774.2382536,29.122337375324094,582.0,0,0,0,0,0,0,1,0,955.0
66.7921421009293,,,1949.0,0,0,0,0,850.1,567.8,154526636.66331005,16.103942696934446,586.0,0,0,0,1,1,0,0,0,328.0
23.494201271979048,,,1317.0,1,1,0,1,3474.9,816.4,7256555311.42577,20.61995740479817,524.0,0,0,0,0,0,0,1,0,685.0
88.90016287949588,,,1204.0,1,1,0,1,3745.1,3329.4,12800967306.284279,33.48876292254006,504.0,0,0,0,1,1,0,0,0,627.0
36.84503458694442,,,1892.0,3,1,0,0,1257.7,463.4,2731518261.9515553,14.853058072364181,666.0,0,0,0,0,0,0,1,0,784.0
78.77009646302251,,,70.0,0,0,0,0,2488.0,1959.8,10340128028.380804,84.2863022566513,186.0,0,0,0,0,0,0,1,0,488.0
74.4734660914288,,,1347.0,0,0,0,0,4705.3,3504.2,39809771092.67626,58.938511413034036,407.0,0,0,0,0,0,0,0,0,535.0
74.19702058038405,,,650.0,2,1,0,0,4645.2,3446.6,35616959596.510895,52.9131565062749,335.0,0,0,0,0,0,0,0,0,981.0
85.69178852643418,,,63.0,1,1,0,0,889.0,761.8,3367837159.2434006,43.07276296595271,261.0,0,0,0,1,1,0,0,0,588.0
91.72349158129462,,,826.0,2,1,0,1,3094.3,2838.2,16869428955.458168,47.94556562081458,365.0,0,0,0,1,1,0,0,0,1078.0
41.88320484717125,,,614.0,3,1,0,0,4060.1,1700.5,26162188443.714256,49.042727421366514,359.0,0,0,0,0,0,0,1,0,1696.0
50.5414619472576,,,141.0,0,0,0,0,3989.2,2016.2,4903444599.998646,19.64123118026932,386.0,0,0,0,0,0,0,1,0,811.0
62.45806259820784,,,1005.0,0,0,0,0,2354.7,1470.7,4564807454.299034,22.54959238501947,474.0,0,0,0,0,0,0,1,0,117.0
45.84929757343551,,,1501.0,2,1,0,1,234.9,107.7,42050076.558381796,6.44197612130534,528.0,0,0,0,0,0,0,1,0,609.0
66.48136036625245,,,825.0,3,1,0,0,305.8,203.3,0.0,0.0,54.0,0,0,0,0,0,0,1,0,1322.0
46.66599769203753,,,255.0,0,0,0,1,3986.2,1860.2,8364599582.291567,100.0,100.0,0,0,0,0,0,0,0,0,611.0
100.0,,,1635.0,2,1,0,0,907.8,907.8,1079894814.9218295,37.28931870251525,407.0,0,0,0,0,0,0,0,0,426.0
71.31851107482309,,,1075.0,1,1,0,0,4776.6,3406.6,0.0,0.0,409.0,0,0,0,0,0,0,1,0,382.0
38.778877887788774,,,615.0,1,1,0,0,121.2,47.0,102595202.70991549,32.24722287415086,125.0,0,0,0,0,0,0,0,0,625.0
21.151600563720553,,,1845.0,2,1,0,1,2483.5,525.3,9522736452.581459,54.20474018985655,496.0,0,0,0,0,0,0,0,0,1284.0
46.0292249047014,,,752.0,0,0,0,1,3148.0,1449.0,8559158830.52384,33.800979649178984,421.0,0,0,0,0,0,0,1,0,494.0
53.91935887803656,,,779.0,2,1,0,0,399.3,215.3,1747460044.603931,47.56413571531358,575.0,0,0,0,0,0,0,0,0,725.0
100.0,,,211.0,1,1,0,1,2750.8,2750.8,12649006309.614338,32.426914395862646,221.0,0,0,0,1,1,0,1,0,1332.0
68.42105263157895,,,1045.0,2,1,0,0,393.3,269.1,588236594.6626159,74.90798079282376,289.0,0,0,0,0,0,0,0,0,739.0
85.4937785478028,,,1936.0,2,1,0,1,634.9,542.8,957001322.6153173,14.016004982669966,290.0,0,0,0,0,0,0,1,0,1237.0
82.41947646235054,,,505.0,1,1,0,0,928.3,765.1,3531038320.6331577,25.585189382661405,481.0,0,0,0,1,1,0,0,0,385.0
94.85742506226917,,,1800.0,1,1,0,0,4657.2,4417.7,0.0,0.0,271.0,0,0,0,1,1,0,1,0,604.0
99.1632725340889,,,1066.0,2,1,0,1,4517.6,4479.8,12171773981.690346,49.15984633468963,721.0,0,0,0,0,0,0,1,0,784.0
56.09504783934391,,,345.0,1,1,0,0,4755.5,2667.6,35518194343.93395,82.7288273293389,744.0,0,0,0,1,1,0,1,0,1176.0
83.11926605504587,,,769.0,0,0,0,0,3379.0,2808.6,9497945913.480812,23.317755861208347,768.0,0,0,0,1,1,0,1,0,353.0
59.73575915096383,,,387.0,0,0,0,1,2770.2,1654.8,12406627771.417645,62.36370036787686,72.0,0,0,0,0,0,0,0,0,675.0
78.41119028767486,,,841.0,0,0,0,0,757.8,594.2,0.0,0.0,236.0,0,0,0,0,0,0,1,0,86.0
66.11383614200379,,,813.0,4,1,0,0,4118.2,2722.7,1715364936.1976395,3.825826463643052,207.0,0,0,0,1,1,0,0,0,1323.0
0.0,,,429.0,0,0,0,0,3896.9,0.0,0.0,0.0,512.0,0,0,0,0,0,0,0,0,484.0
59.86328537069075,,,1114.0,2,1,0,1,2369.9,1418.7,0.0,0.0,176.0,0,0,0,0,0,0,1,0,1235.0
49.70292972751485,,,64.0,0,0,0,1,1464.3,727.8,6722248762.337624,31.69294182284646,84.0,0,0,0,0,0,0,1,0,628.0
89.50495448320311,,,1930.0,3,1,0,0,4965.2,4444.1,3134994423.5583763,31.054904490897417,540.0,0,0,0,1,1,0,1,0,1533.0
86.17095425167913,,,1417.0,3,1,0,0,3156.4,2719.9,2203569227.994212,42.66631977046593,148.0,0,0,0,1,1,0,1,0,1251.0
83.5201793721973,,,697.0,0,0,0,0,981.2,819.5,639235880.407752,8.695983839280935,491.0,0,0,0,1,1,0,1,0,696.0
2.618348962715203,,,1136.0,1,1,0,1,4873.3,127.6,21440950541.944687,35.50094164778791,158.0,0,0,0,0,0,0,1,0,1034.0
100.0,,,1572.0,1,1,0,1,4667.0,4667.0,1728826619.3422928,2.8223951711485156,612.0,0,0,0,1,1,0,0,0,677.0
70.2263532715905,,,441.0,2,1,0,0,2990.9,2100.4,20448521239.914623,53.45654027326453,694.0,0,0,0,1,1,0,1,0,1205.0
58.33641234066137,,,468.0,2,1,0,1,4330.4,2526.2,0.0,0.0,308.0,0,0,0,0,0,0,1,0,964.0
18.941320936759933,,,428.0,1,1,0,0,2280.2,431.9,6780044412.628326,28.580327600991794,792.0,0,0,0,1,1,0,1,0,1123.0
37.54713387926109,,,1563.0,3,1,0,0,2625.5,985.8,877099742.4310303,2.82811263744694,250.0,0,0,0,0,0,0,0,0,910.0
100.0,,,1067.0,0,0,0,0,713.4,713.4,422850284.5313158,14.886993260795444,60.0,0,0,0,1,1,0,1,0,553.0
100.0,,,1101.0,2,1,0,0,2215.5,2215.5,12707484896.991184,41.9946232330631,154.0,0,0,0,1,1,0,1,0,1187.0
59.559589691342296,,,250.0,2,1,0,1,4318.7,2572.2,3616531382.53236,18.143782812146934,799.0,0,0,0,1,1,0,1,0,1709.0
16.767578913376926,,,979.0,2,1,0,1,1238.7,207.7,2402327363.148304,94.05007619388448,52.0,0,0,0,1,1,0,0,0,1492.0
46.59849749582637,,,1121.0,0,0,0,0,3354.4,1563.1,3640238553.8575745,69.0268539187441,522.0,0,0,0,0,0,0,0,0,594.0
43.22224493968513,,,456.0,1,1,0,1,489.1,211.4,1315142063.774254,100.0,593.0,0,0,0,0,0,0,0,0,859.0
39.00793078586878,,,1801.0,1,1,0,1,3467.5,1352.6,19011123753.96484,41.44080357063111,118.0,0,0,0,1,1,0,0,0,1340.0
41.38895548629426,,,733.0,2,1,0,0,3753.9,1553.7,9670320496.133018,71.89119345350086,745.0,0,0,0,1,1,0,0,0,926.0
85.54391964094891,,,1620.0,2,1,0,0,2339.5,2001.3,28341407139.218933,89.51743383186165,758.0,0,0,0,1,1,0,1,0,929.0
0.0,,,662.0,1,1,0,1,1250.2,0.0,3427139660.2662725,57.47620490241636,481.0,0,0,0,0,0,0,0,0,1015.0
100.0,,,692.0,1,1,0,1,1671.1,1671.1,2966637368.82707,14.734409722021969,788.0,0,0,0,0,0,0,1,0,744.0
90.43557314366694,,,1078.0,2,1,0,1,3739.9,3382.2,17259345342.774742,65.52276759189655,237.0,0,0,0,0,0,0,0,0,668.0
60.83190820323274,,,552.0,0,0,0,1,1812.7,1102.7,3517435822.146241,44.90538085851376,786.0,0,0,0,1,1,0,0,0,656.0
41.2230896616986,,,447.0,1,1,0,0,845.4,348.5,2538809380.739961,83.14335084074939,412.0,0,0,0,0,0,0,1,0,736.0
68.11397044930658,,,256.0,4,1,0,0,2646.3,1802.5,3535160006.0288796,52.00952437796548,34.0,0,0,0,0,0,0,1,0,1537.0
30.67263031137107,,,1931.0,1,1,0,0,4650.4,1426.4,40898782207.40771,100.0,573.0,0,0,0,0,0,0,0,0,1051.0
68.3936569422588,,,941.0,0,0,0,0,1652.2,1130.0,7259331038.546739,100.0,480.0,0,0,0,0,0,0,1,0,928.0
83.93290287315091,,,1764.0,0,0,0,1,2927.1,2456.8,0.0,0.0,594.0,0,0,0,1,1,0,1,0,863.0
41.941498659829854,,,913.0,2,1,0,0,1716.2,719.8,3543926828.8666687,19.589956214585577,762.0,0,0,0,0,0,0,0,0,505.0
29.020467836257307,,,1314.0,0,0,0,1,4651.2,1349.8,25381383001.64603,43.21082862438506,583.0,0,0,0,0,0,0,0,0,790.0
74.63080168776372,,,1070.0,0,0,0,1,379.2,283.0,0.0,0.0,115.0,0,0,0,0,0,0,1,0,632.0
77.65376119055924,,,1973.0,1,1,0,1,860.1,667.9,802063410.0069091,28.260673881448895,753.0,0,0,0,1,1,0,0,0,652.0
96.03606475262401,,,534.0,1,1,0,0,4392.1,4218.0,20821607837.148293,66.32301492086206,426.0,0,0,0,1,1,0,1,0,731.0
34.69371676186724,,,280.0,3,1,0,1,2538.5,880.7,6427954514.710808,59.56714664120675,768.0,0,0,0,1,1,0,1,0,1888.0
15.641614563395859,,,1728.0,4,1,0,1,4702.2,735.5,589477725.6768665,4.249838271722829,190.0,0,0,0,0,0,0,1,0,1215.0
34.5078125,,,590.0,3,1,0,0,1280.0,441.7,6887482248.634389,47.1373505112243,55.0,0,0,0,1,1,0,1,0,1786.0
98.6111111111111,,,574.0,1,1,0,1,597.6,589.3,1255298815.4243069,67.7855023298256,179.0,0,0,0,1,1,0,1,0,1386.0
100.0,,,1912.0,0,0,0,1,3485.0,3485.0,24256753298.874065,80.95156796414292,718.0,0,0,0,0,0,0,0,0,350.0
6.6376352599630515,,,1316.0,1,1,0,0,4546.8,301.8,0.0,0.0,105.0,0,0,0,0,0,0,1,0,913.0
100.0,,,1869.0,2,1,0,1,3076.7,3076.7,0.0,0.0,597.0,0,0,0,0,0,0,1,0,658.0
19.7581478674292,,,731.0,3,1,0,0,2902.6,573.5,0.0,0.0,576.0,0,0,0,1,1,0,0,0,1058.0
92.82450954044612,,,1647.0,1,1,0,1,2976.8,2763.2,11041776748.83329,56.320315943159585,665.0,0,0,0,0,0,0,1,0,968.0
85.56561618062088,,,845.0,1,1,0,0,1700.8,1455.3,23603666053.52752,100.0,47.0,0,0,0,1,1,0,0,0,1171.0
100.0,,,1693.0,1,1,0,0,1161.8,1161.8,5097982498.142715,59.82972256343776,575.0,0,0,0,0,0,0,0,0,602.0
92.41454624877143,,,1413.0,0,0,0,0,4578.5,4231.2,45106008591.35398,100.0,350.0,0,0,0,1,1,0,1,0,766.0
75.49976078047969,,,1713.0,3,1,0,1,4807.3,3629.5,12141085567.718887,81.9644228330106,525.0,0,0,0,1,1,0,0,0,1722.0
65.94370464875209,,,1421.0,0,0,0,0,3762.3,2481.0,8124913675.1328945,55.77441647695771,492.0,0,0,0,0,0,0,1,0,591.0
43.696416022487696,,,1304.0,2,1,0,0,2846.0,1243.6,3289335413.2177453,60.19908869683421,209.0,0,0,0,0,0,0,1,0,1476.0
49.71987802283526,,,1298.0,2,1,0,1,2820.2,1402.2,23897385244.772175,64.85763463983164,404.0,0,0,0,1,1,0,0,0,836.0
100.0,,,1450.0,0,0,0,0,175.7,175.7,70383417.11201596,12.572864274101544,302.0,0,0,0,0,0,0,1,0,491.0
81.65041782729804,,,682.0,0,0,0,0,1148.8,938.0,1394893743.0802765,95.16207084868917,647.0,0,0,0,0,0,0,1,0,374.0
74.68227118954009,,,1022.0,3,1,0,1,3281.1,2450.4,8478235447.847287,59.61301592632539,764.0,0,0,0,1,1,0,1,0,1569.0
40.28299076556449,,,1332.0,0,0,0,0,3357.0,1352.3,39794991347.35512,87.49422728893283,378.0,0,0,0,0,0,0,0,0,768.0
100.0,,,759.0,2,1,0,0,4468.7,4468.7,55420395903.614235,99.6600492379649,475.0,0,0,0,0,0,0,0,0,877.0
97.40086000955567,,,1484.0,2,1,0,0,3139.5,3057.9,22308569335.084576,100.0,668.0,0,0,0,0,0,0,0,0,809.0
59.07016187364378,,,367.0,1,1,0,0,4009.3,2368.3,0.0,0.0,696.0,0,0,0,1,1,0,1,0,656.0
60.553682851610134,,,1298.0,1,1,0,1,4182.9,2532.9,5138926376.527393,36.09673178553316,253.0,0,0,0,1,1,0,0,0,698.0
76.55735357296291,,,733.0,0,0,0,1,2793.2,2138.4,19437965922.7296,68.76590880779739,683.0,0,0,0,0,0,0,0,0,420.0
100.0,,,1900.0,0,0,0,1,727.6,727.6,0.0,0.0,393.0,0,0,0,0,0,0,1,0,432.0
84.19727716414077,,,1745.0,1,1,0,1,1946.5,1638.9,10283231076.813015,63.92052345187354,627.0,0,0,0,1,1,0,0,0,807.0
32.30146686899343,,,1545.0,1,1,0,1,1977.0,638.6,21878752563.68955,100.0,252.0,0,0,0,0,0,0,0,0,979.0
50.862970153393206,,,1765.0,0,0,0,1,4687.3,2384.1,13557984105.453613,25.69732542674567,132.0,0,0,0,0,0,0,1,0,707.0
9.313921021140805,,,1903.0,0,0,0,0,2507.0,233.5,3108737817.5131073,10.515111994851582,516.0,0,0,0,0,0,0,0,0,462.0
49.95404962640349,,,491.0,3,1,0,1,2502.7,1250.2,26622805485.55573,100.0,583.0,0,0,0,1,1,0,1,0,2053.0
38.18481626060035,,,1341.0,0,0,0,0,2971.6,1134.7,24639600351.049744,59.90074542206018,529.0,0,0,0,0,0,0,1,0,656.0
78.62168874172185,,,1880.0,4,1,0,1,966.4,759.8,2887083148.8472643,34.79208595976147,405.0,0,0,0,0,0,0,1,0,1076.0
72.88793626400292,,,1460.0,2,1,0,0,2472.7,1802.3,3637178493.4232388,41.69249251347556,132.0,0,0,0,1,1,0,0,0,716.0
91.5949673569977,,,1686.0,3,1,0,1,4625.8,4237.0,34824538663.8353,51.582206154266196,644.0,0,0,0,1,1,0,1,0,1844.0
17.83876500857633,,,1001.0,0,0,0,1,233.2,41.6,187788939.65453005,29.958666259306195,100.0,0,0,0,0,0,0,0,0,742.0
98.33681548273587,,,748.0,2,1,0,0,3637.6,3577.1,2333401504.439541,33.4971841342351,132.0,0,0,0,1,1,0,1,0,678.0
19.517089007124177,,,51.0,1,1,0,0,4435.6,865.7,1581727557.3291073,26.579861565656827,661.0,0,0,0,1,1,0,0,0,875.0
91.96534990635111,,,269.0,4,1,0,0,4698.4,4320.9,40464150343.696594,70.69153800401487,585.0,0,0,0,0,0,0,0,0,1054.0
100.0,,,904.0,0,0,0,1,2117.9,2117.9,6522554598.599093,70.91440108613074,755.0,0,0,0,0,0,0,0,0,371.0
32.43884749785719,,,1298.0,2,1,0,1,1516.7,492.0,3328402851.9459615,51.387395495471246,404.0,0,0,0,1,1,0,0,0,1107.0
89.52928055888727,,,1476.0,2,1,0,0,4752.3,4254.7,39590591669.04492,58.55955376902037,657.0,0,0,0,0,0,0,1,0,592.0
74.77356701435438,,,1203.0,0,0,0,0,3058.3,2286.8,18884704509.30516,75.50959937005265,72.0,0,0,0,1,1,0,1,0,678.0
40.877788056326445,,,1757.0,4,1,0,1,972.9,397.7,42950704.96173358,2.439338755697932,749.0,0,0,0,1,1,0,0,0,1489.0
42.87757846250679,,,1745.0,1,1,0,1,3495.3,1498.7,7948577182.674387,72.08892177123887,729.0,0,0,0,0,0,0,0,0,808.0
34.79615423268903,,,1489.0,1,1,0,1,2985.1,1038.7,17215244477.929153,43.41208690251438,266.0,0,0,0,1,1,0,1,0,1638.0
70.0340074087569,,,885.0,1,1,0,1,3293.4,2306.5,16376851468.820963,57.07788909976198,458.0,0,0,0,1,1,0,1,0,732.0
34.77374755570244,,,252.0,1,1,0,0,3630.9,1262.6,7460775948.942217,50.33112298200197,203.0,0,0,0,0,0,0,1,0,603.0
95.65235291695829,,,172.0,2,1,0,1,2428.9,2323.3,15706087373.517563,69.57757770072888,420.0,0,0,0,0,0,0,0,0,1122.0
77.71867612293144,,,816.0,5,1,0,0,4399.2,3419.0,3209435581.8936234,5.6518567766836805,313.0,0,0,0,1,1,0,1,0,2064.0
74.41670634650703,,,329.0,1,1,0,0,4410.3,3282.0,37748077981.84282,64.81293474389187,629.0,0,0,0,1,1,0,0,0,747.0
60.86267047256582,,,247.0,1,1,0,0,4098.9,2494.7,0.0,0.0,530.0,0,0,0,0,0,0,1,0,343.0
62.70209580838324,,,801.0,0,0,0,0,1336.0,837.7,0.0,0.0,163.0,0,0,0,0,0,0,1,0,781.0
76.14157344580966,,,658.0,2,1,0,1,3817.1,2906.4,10619616029.218678,48.081837988675765,220.0,0,0,0,1,1,0,1,0,1639.0
72.26542249870398,,,1197.0,1,1,0,0,385.8,278.8,1297697951.3352432,64.5182911587483,206.0,0,0,0,0,0,0,0,0,495.0
43.23355210501041,,,1399.0,0,0,0,0,3123.5,1350.4,12666456814.338654,34.911524997419164,483.0,0,0,0,1,1,0,1,0,1103.0
58.028144392972635,,,1422.0,0,0,0,0,3432.3,1991.7,24858906027.35679,100.0,790.0,0,0,0,1,1,0,0,0,707.0
29.36274878899681,,,709.0,2,1,0,1,3984.3,1169.9,1858819104.0127907,21.665742108025867,783.0,0,0,0,0,0,0,0,0,1096.0
57.024016543685676,,,1004.0,3,1,0,0,2127.7,1213.3,21147983223.828243,100.0,422.0,0,0,0,0,0,0,0,0,1086.0
62.22282559507647,,,1419.0,3,1,0,1,1104.9,687.5,4027221835.8655086,59.17610410921409,530.0,0,0,0,0,0,0,1,0,1553.0
73.70218049196865,,,196.0,0,0,0,0,3866.1,2849.4,12046031528.684677,24.29108960529824,167.0,0,0,0,1,1,0,1,0,482.0
65.87677725118483,,,913.0,1,1,0,1,211.0,139.0,554839504.7530136,21.639849696459514,730.0,0,0,0,0,0,0,1,0,506.0
37.279816513761475,,,1893.0,1,1,0,1,2180.0,812.7,6609575267.813489,79.6332963187081,508.0,0,0,0,1,1,0,1,0,1448.0
46.614472598114006,,,978.0,0,0,0,1,3997.9,1863.6,4648308590.980337,100.0,659.0,0,0,0,0,0,0,0,0,1001.0
0.0,,,600.0,1,1,0,1,3020.1,0.0,2850558785.9788437,18.567993653966703,357.0,0,0,0,0,0,0,0,0,911.0
52.10212065060736,,,921.0,0,0,0,0,2428.5,1265.3,23790202067.812527,66.13158007892481,660.0,0,0,0,0,0,0,0,0,544.0
59.32184168745748,,,1852.0,1,1,0,0,3527.2,2092.4,26505072265.726288,85.05274671896726,492.0,0,0,0,0,0,0,1,0,923.0
29.954441913439634,,,200.0,2,1,0,0,439.0,131.5,2405117291.4314933,61.2440117154382,434.0,0,0,0,0,0,0,1,0,1028.0
87.74224806201549,,,1371.0,4,1,0,0,206.4,181.1,1386389657.2536757,47.61478520319303,630.0,0,0,0,0,0,0,0,0,1170.0
99.52245677621589,,,312.0,3,1,0,0,4083.4,4063.9,12604115751.200878,42.096015812304024,783.0,0,0,0,0,0,0,1,0,1268.0
44.12225309421571,,,193.0,1,1,0,1,3959.0,1746.8,0.0,0.0,365.0,0,0,0,0,0,0,0,0,668.0
61.13932435416207,,,673.0,1,1,0,1,4981.9,3045.9,8542250172.291916,45.198746931269554,591.0,0,0,0,0,0,0,0,0,589.0
56.67899712289355,,,930.0,2,1,0,1,3649.5,2068.5,41596604287.67063,100.0,21.0,0,0,0,1,1,0,1,0,1555.0
13.146621217006771,,,946.0,3,1,0,1,4341.8,570.8,0.0,0.0,323.0,0,0,0,0,0,0,0,0,1261.0
12.70859795891551,,,303.0,1,1,0,1,4566.2,580.3,0.0,0.0,671.0,0,0,0,1,1,0,1,0,1530.0
69.71307711574319,,,502.0,1,1,0,0,3593.3,2505.0,17485384921.047997,61.65959915973961,56.0,0,0,0,1,1,0,1,0,1011.0
0.0,,,1233.0,2,1,0,0,1828.2,0.0,10967602993.230446,64.49763765612529,28.0,0,0,0,1,1,0,0,0,1429.0
45.966138458757605,,,1306.0,1,1,0,0,1659.7,762.9,8743770830.84686,36.139844730771365,118.0,0,0,0,0,0,0,1,0,454.0
67.62581266554298,,,1732.0,1,1,0,1,4153.0,2808.5,7021926634.077511,24.04303157972016,227.0,0,0,0,0,0,0,0,0,400.0
50.34670910537683,,,1204.0,3,1,0,0,879.7,442.9,0.0,0.0,423.0,0,0,0,1,1,0,0,0,1321.0
43.475646422128676,,,201.0,2,1,0,1,332.6,144.6,1549905725.2253385,55.23663891078997,73.0,0,0,0,0,0,0,1,0,1165.0
64.19077404222048,,,1193.0,2,1,0,0,255.8,164.2,1073065539.5496855,31.898604327146625,692.0,0,0,0,0,0,0,1,0,1132.0
72.0766129032258,,,1993.0,2,1,0,0,198.4,143.0,922400887.2394404,87.53871640823395,647.0,0,0,0,0,0,0,0,0,884.0
92.19388057051547,,,636.0,4,1,0,0,3379.4,3115.6,6651633939.426707,56.55843518407685,644.0,0,0,0,1,1,0,1,0,880.0
69.22943120542703,,,1493.0,1,1,0,1,2874.5,1990.0,1724883118.295734,42.097360393104715,441.0,0,0,0,0,0,0,1,0,456.0
100.0,,,153.0,2,1,0,0,3311.5,3311.5,7911064131.101498,95.85381572074752,273.0,0,0,0,0,0,0,0,0,824.0
69.8637677170772,,,1300.0,2,1,0,1,4360.2,3046.2,0.0,0.0,131.0,0,0,0,0,0,0,0,0,923.0
77.92285220294521,,,559.0,2,1,0,0,3354.6,2614.0,8962006502.868732,21.953090307564064,492.0,0,0,0,0,0,0,0,0,668.0
60.46960825737913,,,148.0,1,1,0,1,1656.7,1001.8,0.0,0.0,172.0,0,0,0,1,1,0,0,0,591.0
21.2024800130527,,,1934.0,3,1,0,0,1225.8,259.9,1837595039.5162506,74.03895852013443,357.0,0,0,0,1,1,0,0,0,1709.0
50.25386524145829,,,1779.0,2,1,0,0,2619.5,1316.4,20192536998.315125,100.0,182.0,0,0,0,0,0,0,0,0,1150.0
77.8426567957875,,,1793.0,0,0,0,1,3836.2,2986.2,8749338076.600502,15.863377648787685,700.0,0,0,0,1,1,0,1,0,610.0
68.43530911408541,,,210.0,1,1,0,1,1255.2,859.0,14064458860.714203,80.15858355466705,599.0,0,0,0,0,0,0,0,0,898.0
89.12403260050682,,,850.0,1,1,0,1,1460.1,1301.3,9323273018.201609,74.69786449836393,417.0,0,0,0,1,1,0,0,0,932.0
88.22183014639263,,,1350.0,0,0,0,1,2097.1,1850.1,1589050441.897668,27.997916039017923,523.0,0,0,0,1,1,0,0,0,378.0
41.957276570048315,,,1969.0,2,1,0,1,2649.6,1111.7,8816125496.087511,37.20872263429852,411.0,0,0,0,1,1,0,1,0,1648.0
100.0,,,1208.0,2,1,0,1,264.9,264.9,1178676991.6302881,45.10809987870864,214.0,0,0,0,0,0,0,0,0,1032.0
17.92469989086941,,,450.0,2,1,0,1,1099.6,197.1,0.0,0.0,659.0,0,0,0,0,0,0,0,0,691.0
86.848298114947,,,1106.0,2,1,0,1,4121.9,3579.8,21985031510.201565,76.93962496975473,707.0,0,0,0,1,1,0,0,0,1106.0
79.01780651015085,,,509.0,0,0,0,1,881.7,696.7,1189777665.3131962,33.44803610194006,489.0,0,0,0,1,1,0,1,0,676.0
55.58901508952244,,,1448.0,3,1,0,0,3055.1,1698.3,19114669342.669815,72.29967140031334,41.0,0,0,0,1,1,0,0,0,1091.0
16.932111142938986,,,799.0,2,1,0,0,3491.0,591.1,38562873198.7777,100.0,689.0,0,0,0,1,1,0,1,0,2097.0
43.97528321318229,,,87.0,1,1,0,0,2913.0,1281.0,13252584314.329865,94.0311713134674,249.0,0,0,0,1,1,0,1,0,1296.0
67.01408773336387,,,1438.0,2,1,0,1,2619.3,1755.3,34891976156.69619,100.0,582.0,0,0,0,0,0,0,1,0,1098.0
23.711526855763427,,,487.0,1,1,0,0,4971.0,1178.7,0.0,0.0,795.0,0,0,0,1,1,0,0,0,952.0
30.278111103268156,,,1356.0,0,0,0,1,2833.4,857.9,5979573087.954193,24.823456604528506,46.0,0,0,0,0,0,0,1,0,1089.0
50.79920926292007,,,275.0,0,0,0,0,1770.5,899.4,13023725889.451923,71.35636405267199,296.0,0,0,0,1,1,0,1,0,646.0
62.190698799065046,,,847.0,2,1,0,1,4962.8,3086.4,11929736017.018227,18.796872811336687,628.0,0,0,0,0,0,0,0,0,684.0
70.85044696786663,,,333.0,1,1,0,1,4139.0,2932.5,45905439855.47434,92.82377352942407,500.0,0,0,0,0,0,0,0,0,991.0
4.914780605388341,,,502.0,2,1,0,1,4687.9,230.4,9124342685.198044,29.680346923498245,678.0,0,0,0,1,1,0,1,0,1342.0
85.15480125776021,,,1589.0,4,1,0,0,4961.2,4224.7,29951172385.23503,46.72682565809739,566.0,0,0,0,0,0,0,0,0,648.0
54.749069439096395,,,1265.0,3,1,0,0,1558.2,853.1,4287162011.279437,80.22980637971379,68.0,0,0,0,1,1,0,0,0,1404.0
65.92772758860319,,,1585.0,1,1,0,0,4317.0,2846.1,0.0,0.0,36.0,0,0,0,0,0,0,0,0,520.0
28.045080190723887,,,1245.0,0,0,0,1,2537.7,711.7,9701733977.604507,62.20898817418671,239.0,0,0,0,1,1,0,1,0,1644.0
75.89012171896994,,,207.0,1,1,0,0,4830.8,3666.1,16161630360.41309,47.421023407595186,496.0,0,0,0,1,1,0,1,0,575.0
76.20185593246642,,,1119.0,0,0,0,1,3222.1,2455.3,32552281157.42526,100.0,392.0,0,0,0,1,1,0,1,0,1370.0
58.121255980380326,,,567.0,0,0,0,0,4974.6,2891.3,6528187961.92966,72.5459610970537,118.0,0,0,0,0,0,0,1,0,399.0
69.07555440948943,,,1965.0,4,1,0,0,1551.2,1071.5,2181385596.276949,75.11713947015797,764.0,0,0,0,1,1,0,0,0,1182.0
100.0,,,1110.0,0,0,0,0,2159.1,2159.1,3369146635.4258976,55.140299234232224,299.0,0,0,0,1,1,0,1,0,515.0
96.23609923011121,,,1422.0,1,1,0,1,1870.4,1800.0,13210326883.32604,62.66600117044913,516.0,0,0,0,0,0,0,1,0,769.0
0.0,,,351.0,1,1,0,0,145.0,0.0,483132861.4368801,71.84977793009931,200.0,0,0,0,0,0,0,1,0,1176.0
30.181818181818183,,,656.0,2,1,0,1,110.0,33.2,488733365.70017564,51.23755988622496,118.0,0,0,0,0,0,0,1,0,891.0
58.7954860901575,,,749.0,1,1,0,1,1657.1,974.3,18763341781.150517,100.0,135.0,0,0,0,0,0,0,1,0,968.0
39.928350017785455,,,240.0,1,1,0,1,3935.8,1571.5,3517234879.201683,8.403812504156951,272.0,0,0,0,0,0,0,1,0,1175.0
87.64083517992573,,,1030.0,1,1,0,0,3204.1,2808.1,12764349846.29462,38.93825332429333,180.0,0,0,0,1,1,0,0,0,782.0
73.8006956920607,,,1329.0,1,1,0,0,2616.1,1930.7,16483071176.216503,77.10861479008425,342.0,0,0,0,1,1,0,1,0,1412.0
46.36184857423795,,,177.0,1,1,0,1,406.8,188.6,667159738.3514577,82.09970932846589,37.0,0,0,0,0,0,0,0,0,983.0
28.593126528510748,,,1866.0,0,0,0,0,3884.5,1110.7,3810155423.3087215,28.533889898908566,754.0,0,0,0,1,1,0,0,0,714.0
81.5712187958884,,,615.0,2,1,0,1,1362.0,1111.0,178922460.21927333,10.158092567767344,589.0,0,0,0,0,0,0,1,0,770.0
99.8463665693655,,,1396.0,1,1,0,1,650.9,649.9,1808947501.3010159,27.750799623973617,705.0,0,0,0,1,1,0,1,0,1165.0
100.0,,,1865.0,2,1,0,0,3753.0,3753.0,39049564461.984764,84.14946138739647,645.0,0,0,0,0,0,0,0,0,952.0
7.869147024627418,,,1361.0,2,1,0,1,1892.2,148.9,18129459891.945976,100.0,682.0,0,0,0,1,1,0,0,0,1734.0
55.06344708636195,,,1011.0,2,1,0,1,3246.8,1787.8,6145436964.833851,37.83495317320764,658.0,0,0,0,0,0,0,1,0,1170.0
96.41188118811881,,,204.0,2,1,0,1,3787.5,3651.6,23583866333.372734,55.60171407768952,509.0,0,0,0,0,0,0,1,0,974.0
60.90914905865545,,,1459.0,2,1,0,1,4690.1,2856.7,4046530970.0763683,53.774870001415245,123.0,0,0,0,0,0,0,1,0,1107.0
74.83163664839468,,,1466.0,2,1,0,1,2554.0,1911.2,4620037155.808254,21.055455232888814,265.0,0,0,0,1,1,0,0,0,1162.0
78.70749388277804,,,1249.0,1,1,0,1,4372.9,3441.8,32449840830.47354,74.89512779963214,58.0,0,0,0,1,1,0,0,0,1051.0
53.732987176461336,,,1550.0,0,0,0,0,1271.1,683.0,13030522273.48859,84.02081816837199,701.0,0,0,0,0,0,0,0,0,570.0
71.84021167435708,,,808.0,1,1,0,0,3099.1,2226.4,240307835.2340622,2.134740534173963,557.0,0,0,0,0,0,0,1,0,547.0
16.505541145956144,,,1940.0,3,1,0,0,3816.9,630.0,11096299333.317055,94.25232724913367,427.0,0,0,0,0,0,0,0,0,1779.0
48.0109090089481,,,574.0,1,1,0,0,4436.7,2130.1,41272937164.81107,100.0,525.0,0,0,0,1,1,0,1,0,1362.0
94.99518768046198,,,952.0,2,1,0,1,3117.0,2961.0,5231949404.596252,72.91991219963782,55.0,0,0,0,0,0,0,0,0,672.0
39.36309334464355,,,734.0,1,1,0,1,2829.3,1113.7,0.0,0.0,39.0,0,0,0,1,1,0,1,0,851.0
35.45476536042574,,,370.0,2,1,0,1,4134.0,1465.7,3771500794.1040597,50.13497829643809,795.0,0,0,0,1,1,0,1,0,1138.0
100.0,,,561.0,0,0,0,0,2229.0,2229.0,5373676063.084174,78.67289282411218,419.0,0,0,0,1,1,0,0,0,617.0
100.0,,,703.0,3,1,0,0,1142.0,1142.0,4236134758.3224125,24.767532617808893,490.0,0,0,0,1,1,0,1,0,1234.0
67.84992784992785,,,1216.0,1,1,0,0,2079.0,1410.6,544859274.396141,2.0543451203579477,111.0,0,0,0,0,0,0,1,0,967.0
64.22874504910206,,,1427.0,2,1,0,0,1843.1,1183.8,9551235465.540546,100.0,746.0,0,0,0,0,0,0,1,0,1548.0
44.0207075064711,,,903.0,3,1,0,0,2318.0,1020.4,9193664547.192833,51.10059620202545,70.0,0,0,0,0,0,0,0,0,987.0
71.85892008076597,,,1738.0,1,1,0,0,3070.6,2206.5,22838231254.321228,72.93751286168951,717.0,0,0,0,0,0,0,0,0,493.0
53.88731975620633,,,624.0,1,1,0,0,1345.4,725.0,3542010180.8908725,59.05915567606106,209.0,0,0,0,1,1,0,1,0,877.0
44.218434232492754,,,1198.0,1,1,0,0,2276.2,1006.5,2160339384.6087875,50.56078153030356,169.0,0,0,0,1,1,0,0,0,827.0
86.5200926920251,,,363.0,1,1,0,0,1769.3,1530.8,11384501469.005453,47.32037131100513,589.0,0,0,0,0,0,0,0,0,691.0
86.53791804050871,,,1415.0,1,1,0,0,2123.0,1837.2,27148688230.825584,86.76720554882866,324.0,0,0,0,0,0,0,1,0,493.0
19.30108672490944,,,1765.0,0,0,0,1,2346.5,452.9,34277847083.725624,100.0,701.0,0,0,0,0,0,0,1,0,1325.0
37.96168774258169,,,887.0,2,1,0,1,798.7,303.2,8496578817.93457,82.41009748057523,73.0,0,0,0,1,1,0,1,0,1848.0
80.80519480519482,,,1052.0,1,1,0,1,385.0,311.1,3490543684.683403,83.10360882594878,463.0,0,0,0,0,0,0,0,0,610.0
46.55410062026189,,,662.0,2,1,0,1,870.6,405.3,0.0,0.0,283.0,0,0,0,1,1,0,1,0,1085.0
61.712293388429764,,,1126.0,1,1,0,1,2323.2,1433.7,3015401981.496858,75.13939455584187,591.0,0,0,0,0,0,0,0,0,829.0
63.68277335866082,,,1053.0,3,1,0,1,1684.6,1072.8,0.0,0.0,639.0,0,0,0,0,0,0,0,0,1329.0
59.04171509750743,,,54.0,3,1,0,0,3871.5,2285.8,2802487159.3396835,52.44173701879983,122.0,0,0,0,0,0,0,1,0,1178.0
47.2085062554906,,,1269.0,1,1,0,0,3301.1,1558.4,1590190378.4589462,4.062171632129803,793.0,0,0,0,0,0,0,0,0,640.0
66.01922206008152,,,926.0,2,1,0,1,3974.6,2624.0,893532769.2370911,2.474170611720631,369.0,0,0,0,0,0,0,0,0,511.0
89.48190888327923,,,96.0,2,1,0,1,831.9,744.4,1073559928.9023237,23.745565206858064,675.0,0,0,0,1,1,0,1,0,1316.0
44.52761887736861,,,318.0,1,1,0,1,4475.2,1992.7,26363134845.71001,57.981146933176355,389.0,0,0,0,0,0,0,1,0,946.0
60.72657311000454,,,685.0,3,1,0,1,4418.0,2682.9,0.0,0.0,125.0,0,0,0,1,1,0,0,0,1234.0
52.313167259786475,,,1743.0,1,1,0,1,112.4,58.8,0.0,0.0,678.0,0,0,0,0,0,0,0,0,519.0
70.15445803481435,,,706.0,2,1,0,1,3670.9,2575.3,28289934955.66134,61.81605640556117,139.0,0,0,0,0,0,0,1,0,920.0
56.45605578032195,,,880.0,1,1,0,0,2323.4,1311.7,0.0,0.0,623.0,0,0,0,1,1,0,0,0,852.0
43.04098475311232,,,1131.0,2,1,0,1,3574.5,1538.5,13941006206.500359,66.42834636409667,365.0,0,0,0,1,1,0,1,0,1191.0
97.31448092617195,,,790.0,0,0,0,1,4215.2,4102.0,15527409565.010042,48.48198254838217,493.0,0,0,0,1,1,0,1,0,1179.0
95.84056989785405,,,166.0,0,0,0,0,3397.1,3255.8,6364018464.316328,94.85522552299139,146.0,0,0,0,0,0,0,1,0,754.0
75.72852577860448,,,1466.0,1,1,0,1,4193.4,3175.6,0.0,0.0,660.0,0,0,0,0,0,0,1,0,862.0
75.4217304552875,,,1131.0,3,1,0,1,1102.6,831.6,6230202625.486395,42.81672872241608,653.0,0,0,0,1,1,0,0,0,958.0
79.51278238085122,,,562.0,2,1,0,1,2824.2,2245.6,7212590425.337984,100.0,770.0,0,0,0,0,0,0,1,0,1438.0
54.3744370752477,,,851.0,2,1,0,0,4885.2,2656.3,6805183782.921472,87.70261565772263,115.0,0,0,0,1,1,0,0,0,1255.0
82.51760524757037,,,1711.0,2,1,0,1,4558.3,3761.4,7613127707.651718,14.453489857961596,137.0,0,0,0,1,1,0,1,0,867.0
32.67859164496774,,,609.0,0,0,0,1,3533.2,1154.6,7179711192.092716,46.32541017406025,620.0,0,0,0,0,0,0,0,0,446.0
51.11059464125635,,,537.0,0,0,0,1,3011.9,1539.4,1242944914.7589722,7.99557615564344,256.0,0,0,0,1,1,0,1,0,1225.0
72.84977762042794,,,1958.0,1,1,0,1,4519.3,3292.3,5901894810.345543,14.034571452500339,291.0,0,0,0,0,0,0,1,0,395.0
54.93573006627837,,,1262.0,0,0,0,1,3983.2,2188.2,2792502540.352829,47.19791347547274,723.0,0,0,0,1,1,0,0,0,891.0
32.1801550908698,,,1520.0,5,1,0,0,4165.3,1340.4,3900247273.478512,40.46524069060859,600.0,0,0,0,0,0,0,0,0,1666.0
39.36310362058783,,,839.0,2,1,0,0,2201.3,866.5,3795059213.034725,14.5678744959312,266.0,0,0,0,1,1,0,0,0,1126.0
29.56796132800698,,,1149.0,0,0,0,0,2978.9,880.8,4549250833.765903,18.685190256746147,173.0,0,0,0,1,1,0,1,0,659.0
0.0,,,1729.0,2,1,0,1,3278.5,0.0,0.0,0.0,454.0,0,0,0,1,1,0,1,0,1645.0
46.81484876260311,,,1046.0,0,0,0,0,1309.2,612.9,2145886726.564091,100.0,105.0,0,0,0,0,0,0,1,0,574.0
0.0,,,746.0,1,1,0,0,1020.7,0.0,8361717898.273215,85.77330492353678,304.0,0,0,0,1,1,0,1,0,1094.0
50.739476678043225,,,1293.0,2,1,0,1,87.9,44.6,861377288.9425715,80.08625622362334,88.0,0,0,0,0,0,0,1,0,992.0
80.14965703595927,,,1120.0,2,1,0,1,481.1,385.6,2910463132.5522537,62.76215742666472,113.0,0,0,0,0,0,0,0,0,1024.0
38.747093188134535,,,1823.0,3,1,0,1,3526.2,1366.3,24350507324.29078,100.0,472.0,0,0,0,1,1,0,1,0,1482.0
43.72789115646258,,,1277.0,1,1,0,1,4777.5,2089.1,26392039775.895313,44.20529341369779,237.0,0,0,0,1,1,0,0,0,1177.0
0.0,,,523.0,2,1,0,1,1950.0,0.0,4138358842.0798163,78.7661327696968,451.0,0,0,0,0,0,0,1,0,1103.0
40.50090204817999,,,390.0,1,1,0,0,4711.5,1908.2,45695094030.858635,93.61596309771384,570.0,0,0,0,0,0,0,0,0,801.0
66.2018945196486,,,1685.0,1,1,0,1,3198.7,2117.6,8313570437.704998,19.642455995122084,308.0,0,0,0,1,1,0,1,0,1105.0
63.29935125115848,,,1327.0,1,1,0,0,107.9,68.3,411038504.06158066,55.14150045755722,753.0,0,0,0,0,0,0,0,0,391.0
1.214144786765822,,,406.0,3,1,0,1,658.9,8.0,1528302161.3633347,20.694025570836683,42.0,0,0,0,0,0,0,1,0,1492.0
87.57581561642087,,,1835.0,4,1,0,1,1566.3,1371.7,0.0,0.0,541.0,0,0,0,0,0,0,1,0,1386.0
99.13025683004196,,,1831.0,2,1,0,0,2931.9,2906.4,31893800669.596012,100.0,119.0,0,0,0,0,0,0,1,0,768.0
53.55251346499102,,,851.0,1,1,0,1,4456.0,2386.3,0.0,0.0,199.0,0,0,0,1,1,0,1,0,1273.0
93.3099099966309,,,1296.0,1,1,0,1,2077.7,1938.7,19173766754.24635,97.33624753066124,781.0,0,0,0,1,1,0,0,0,937.0
68.40613248481343,,,1732.0,2,1,0,1,3457.0,2364.8,7074279862.774334,68.95357388283664,461.0,0,0,0,0,0,0,1,0,972.0
57.36625514403293,,,1681.0,0,0,0,0,243.0,139.4,510241806.32636714,64.80044119528512,788.0,0,0,0,0,0,0,1,0,588.0
100.0,,,1065.0,3,1,0,0,1481.8,1481.8,4458477865.753851,22.12182381957056,344.0,0,0,0,1,1,0,1,0,1072.0
13.80938514019469,,,565.0,1,1,0,1,4807.6,663.9,27717830593.795464,100.0,35.0,0,0,0,0,0,0,0,0,1048.0
100.0,,,841.0,1,1,0,1,3821.4,3821.4,48421339503.676056,100.0,355.0,0,0,0,1,1,0,1,0,1511.0
22.152653548002384,,,1832.0,1,1,0,0,335.4,74.3,4122896282.4601784,84.60156905395971,277.0,0,0,0,0,0,0,1,0,1273.0
67.17526690391459,,,546.0,4,1,0,0,2248.0,1510.1,21956846563.76372,100.0,179.0,0,0,0,0,0,0,1,0,1904.0
46.03917821309126,,,1548.0,1,1,0,1,1046.5,481.8,4346478887.645517,54.23793417216542,683.0,0,0,0,0,0,0,0,0,641.0
100.0,,,1981.0,1,1,0,0,4356.3,4356.3,7945702634.382401,64.47052275347252,709.0,0,0,0,0,0,0,1,0,726.0
71.31341652245196,,,1748.0,2,1,0,0,4391.6,3131.8,17455617511.52993,51.17051254739913,399.0,0,0,0,0,0,0,1,0,484.0
40.38577298542228,,,1618.0,3,1,0,0,3820.9,1543.1,24497956715.2815,100.0,710.0,0,0,0,0,0,0,0,0,1408.0
72.43982441753896,,,1500.0,0,0,0,0,4146.2,3003.5,0.0,0.0,632.0,0,0,0,0,0,0,0,0,367.0
53.86731681130894,,,1341.0,3,1,0,1,4470.8,2408.3,4643425544.945098,55.41017301574769,596.0,0,0,0,1,1,0,1,0,1681.0
93.72303352140723,,,1490.0,0,0,0,0,2410.4,2259.1,3119146132.1994133,12.098941515085663,187.0,0,0,0,1,1,0,0,0,470.0
18.61111111111111,,,1915.0,1,1,0,1,4032.0,750.4,2347382817.981655,11.874998184956546,62.0,0,0,0,1,1,0,0,0,819.0
75.45172180958811,,,1629.0,5,1,0,0,3702.5,2793.6,2374004465.5447826,21.37367020968436,304.0,0,0,0,1,1,0,0,0,1229.0
33.54051565377532,,,446.0,1,1,0,1,434.4,145.7,2243151266.941581,77.00713099897526,31.0,0,0,0,0,0,0,0,0,800.0
60.90648760738618,,,1680.0,0,0,0,0,4050.8,2467.2,5397838946.157812,25.655702305730387,321.0,0,0,0,1,1,0,0,0,849.0
60.09126503478775,,,1971.0,1,1,0,0,3550.1,2133.3,3413471160.273216,56.45457492038122,272.0,0,0,0,0,0,0,0,0,438.0
84.88549618320612,,,548.0,1,1,0,0,1441.0,1223.2,4577999761.335667,57.75304555091214,773.0,0,0,0,1,1,0,1,0,929.0
60.69535442662891,,,84.0,2,1,0,0,3037.3,1843.5,15366084195.88921,84.18691779885667,746.0,0,0,0,0,0,0,0,0,894.0
40.532203389830514,,,898.0,1,1,0,0,2950.0,1195.7,13215551340.152023,42.436300246437916,109.0,0,0,0,1,1,0,1,0,886.0
75.16248339258141,,,825.0,1,1,0,1,2784.9,2093.2,7912274687.9655285,34.30336131284931,624.0,0,0,0,1,1,0,0,0,620.0
70.05901729343947,,,1995.0,2,1,0,1,1457.2,1020.9,2255169250.459349,87.89968539895098,621.0,0,0,0,1,1,0,1,0,1154.0
60.45871559633028,,,1071.0,0,0,0,0,1417.0,856.7,13023473219.055964,84.33799761498744,437.0,0,0,0,0,0,0,0,0,700.0
81.86231725943705,,,164.0,4,1,0,0,1833.2,1500.7,6866025284.562277,69.52787988928988,636.0,0,0,0,0,0,0,0,0,1122.0
100.0,,,1976.0,5,1,0,1,1968.9,1968.9,5650110799.342028,29.110252750079628,215.0,0,0,0,1,1,0,0,0,1547.0
78.48145556333101,,,875.0,2,1,0,1,571.6,448.6,17656795.78854382,1.844622513247344,520.0,0,0,0,0,0,0,0,0,382.0
0.0,,,1699.0,4,1,0,0,1084.0,0.0,4697398997.686523,70.32560790589244,512.0,0,0,0,0,0,0,1,0,1597.0
91.17406701171343,,,1148.0,2,1,0,0,3303.9,3012.3,7043997150.37637,53.0305714614184,432.0,0,0,0,0,0,0,1,0,574.0
32.93758937967136,,,1449.0,1,1,0,0,3706.1,1220.7,19595845481.938614,97.57647571469312,439.0,0,0,0,0,0,0,0,0,860.0
33.644482340797914,,,778.0,0,0,0,1,4456.6,1499.4,8081096310.978017,100.0,296.0,0,0,0,1,1,0,0,0,912.0
63.57033639143731,,,1070.0,0,0,0,1,4185.6,2660.8,5046609065.758449,100.0,780.0,0,0,0,0,0,0,1,0,889.0
53.45552884615385,,,725.0,2,1,0,0,665.6,355.8,4432933580.819773,100.0,413.0,0,0,0,0,0,0,0,0,851.0
58.750763591936476,,,1942.0,3,1,0,1,2619.2,1538.8,2157424778.1820297,7.855504030253605,476.0,0,0,0,1,1,0,0,0,1225.0
80.20911127707244,,,969.0,1,1,0,0,133.9,107.4,94578800.42689148,26.327434650344884,211.0,0,0,0,0,0,0,0,0,593.0
37.7328895520104,,,788.0,2,1,0,0,2613.9,986.3,1604813709.9676914,10.45323322567989,708.0,0,0,0,0,0,0,1,0,565.0
80.10627181573624,,,1172.0,1,1,0,0,4497.9,3603.1,7641556280.250942,22.921344506418507,567.0,0,0,0,0,0,0,0,0,495.0
10.704570910448556,,,1027.0,1,1,0,0,3749.8,401.4,14072606991.789455,49.16454046816152,115.0,0,0,0,0,0,0,0,0,709.0
40.13762700930058,,,1737.0,3,1,0,1,1860.1,746.6,4084991326.8244157,73.91233545941438,682.0,0,0,0,1,1,0,1,0,1554.0
94.20208988536065,,,1263.0,2,1,0,1,1971.4,1857.1,16962610286.515675,82.43430044841354,755.0,0,0,0,0,0,0,0,0,1082.0
50.40393160091558,,,86.0,0,0,0,0,4456.2,2246.1,5994629046.967832,43.9296803100504,799.0,0,0,0,1,1,0,0,0,462.0
100.0,,,1442.0,2,1,0,1,714.7,714.7,10299597228.469835,100.0,714.0,0,0,0,1,1,0,0,0,1267.0
54.58930344729749,,,1598.0,1,1,0,1,1409.8,769.6,0.0,0.0,298.0,0,0,0,0,0,0,1,0,638.0
23.040073698756334,,,266.0,2,1,0,1,1085.5,250.1,591988072.4620109,32.08553008992826,292.0,0,0,0,1,1,0,1,0,1314.0
61.43793596100512,,,1954.0,2,1,0,1,4759.6,2924.2,8099610214.615736,36.72624546965938,81.0,0,0,0,0,0,0,1,0,976.0
61.241170534813314,,,645.0,2,1,0,0,991.0,606.9,5865797030.18824,48.93275771557855,748.0,0,0,0,0,0,0,1,0,932.0
31.15692537437259,,,1415.0,1,1,0,1,2410.7,751.1,4029071170.1688232,16.76590702882532,416.0,0,0,0,1,1,0,0,0,967.0
70.66878348878745,,,748.0,2,1,0,0,2519.5,1780.5,2946413238.0436373,100.0,38.0,0,0,0,0,0,0,1,0,1356.0
46.897740329375715,,,226.0,1,1,0,0,522.2,244.9,2125760375.7424731,52.64530458503289,631.0,0,0,0,1,1,0,0,0,1076.0
13.010409196601259,,,445.0,4,1,0,1,4601.7,598.7,68590962462.60595,100.0,464.0,0,0,0,1,1,0,0,0,1904.0
72.19380002026136,,,1306.0,1,1,0,0,3948.4,2850.5,23769756764.78733,100.0,95.0,0,0,0,1,1,0,0,0,752.0
31.385584324702588,,,314.0,3,1,0,0,1143.2,358.8,1170706943.7377582,66.28145251707122,474.0,0,0,0,1,1,0,0,0,1484.0
35.847681865245235,,,1869.0,5,1,0,1,2607.7,934.8,1810755466.7282944,11.684710872920926,737.0,0,0,0,0,0,0,1,0,1119.0
59.63845300897148,,,784.0,0,0,0,1,2976.1,1774.9,1558701057.7614803,14.524504396107982,403.0,0,0,0,1,1,0,1,0,791.0
0.0,,,1637.0,2,1,0,0,402.2,0.0,2088690230.5589094,42.042074128140214,525.0,0,0,0,0,0,0,0,0,1097.0
95.77711144427786,,,1440.0,1,1,0,1,800.4,766.6,10615195480.658731,100.0,163.0,0,0,0,0,0,0,0,0,905.0
80.69995606970275,,,934.0,1,1,0,0,682.9,551.1,1205237835.8612957,100.0,88.0,0,0,0,0,0,0,1,0,800.0
27.423147992608772,,,1172.0,3,1,0,0,1190.6,326.5,277362532.5438148,22.825068681739875,415.0,0,0,0,1,1,0,0,0,1283.0
