case_id,project_name,sector,state,implementing_agency,primary_delay_driver,secondary_delay_drivers,delay_duration_stated,delay_duration_months_approx,financial_impact_inr_crore,status_as_of,source_report,source_url,summary
C001,Bihar/Jharkhand Border (Chordaha)-Gorhar,highway,Bihar/Jharkhand,NHAI,right_of_way_land_acquisition,forest_clearance;legal_dispute,"Awarded Jan 2018, appointed date fixed only June 2019",17,48.51,2023-03,CAG Report No.19 of 2023 (Bharatmala Pariyojana Phase-I Performance Audit),https://cag.gov.in/webroot/uploads/download_audit_report/2023/Report-No.-19-of-203--Bharatmala-English-064d5db7bc63c20.06754442.pdf,"Project was foreclosed once already under the earlier NHDP scheme (2013) for the same reason before being re-awarded under Bharatmala; right-of-way was still not fully handed over even after the appointed date, forcing part of the route to be dropped and part to remain under arbitration, leaving it at 61.6% progress well past its original completion date."
C002,Barhi-Koderma (Barhi-Koderma-Rajauli stretch),highway,Jharkhand,NHAI,forest_clearance,right_of_way_land_acquisition,"Awarded Jan 2018, Stage-I forest clearance received Sept 2018, appointed date Nov 2019",22,,2023-03,CAG Report No.19 of 2023 (Bharatmala Pariyojana Phase-I Performance Audit),https://cag.gov.in/webroot/uploads/download_audit_report/2023/Report-No.-19-of-203--Bharatmala-English-064d5db7bc63c20.06754442.pdf,"Route passes through a wildlife sanctuary area; forest clearance alone took roughly eight months after award, and combined with other right-of-way issues pushed the construction start date to almost two years after the project was awarded."
C003,Koderma-Rajauli,highway,Jharkhand,NHAI,forest_clearance,,Not awarded at all as of March 2023 due to pending forest clearance,,,2023-03,CAG Report No.19 of 2023 (Bharatmala Pariyojana Phase-I Performance Audit),https://cag.gov.in/webroot/uploads/download_audit_report/2023/Report-No.-19-of-203--Bharatmala-English-064d5db7bc63c20.06754442.pdf,"The adjoining half of the same original stretch as C002 could not even be awarded because its forest clearance was still pending, illustrating that a single unresolved clearance can stall a project indefinitely rather than just delay it."
C004,Purulia (JHR Border)-Balrampur-Chandil,highway,Jharkhand/West Bengal,NHAI,right_of_way_land_acquisition,,"Not approved by CCEA in 2014 for lack of ROW; re-awarded March 2018; appointed date Dec 2019",21,,2023-03,CAG Report No.19 of 2023 (Bharatmala Pariyojana Phase-I Performance Audit),https://cag.gov.in/webroot/uploads/download_audit_report/2023/Report-No.-19-of-203--Bharatmala-English-064d5db7bc63c20.06754442.pdf,"Right-of-way problems blocked this project from even being approved in its first attempt in 2014; after re-approval and award under Bharatmala, the same issue persisted and pushed the construction start almost two years past the award date, leaving it at 70% progress a year after its scheduled completion."
C005,Purulia Bypass (split from C004),highway,West Bengal,NHAI,right_of_way_land_acquisition,,"Awarded Aug 2021, appointed date Feb 2022",6,,2023-03,CAG Report No.19 of 2023 (Bharatmala Pariyojana Phase-I Performance Audit),https://cag.gov.in/webroot/uploads/download_audit_report/2023/Report-No.-19-of-203--Bharatmala-English-064d5db7bc63c20.06754442.pdf,"A smaller bypass segment split off from C004 for separate execution, still showing the same right-of-way-driven gap between award and construction start, and still only 40.5% complete a year later."
C006,CSMT-Kurla 5th/6th Line (Mumbai Suburban Railway),railway,Maharashtra,Central Railway / MMRDA,rehabilitation_resettlement,right_of_way_land_acquisition;interagency_coordination,"Baseline Socio-Economic survey for Phase I still incomplete 11+ years after Sept 2012; Project Affected Persons not rehabilitated as of Jan 2024",132,,2024-01,CAG Audit Report No. 2 of 2025 (Railways Compliance Audit),https://cag.gov.in/uploads/download_audit_report/2025/Report-No.-2-Railways_English---06-03-2025-signed-067ee7734b1d8d4.50784405.pdf,"Resettlement housing for project-affected families was still not built by the responsible development authority more than a decade after the baseline survey began, which in turn blocked possession of land; a separate internal land-transfer request between two zones of the same railway had also gone unresolved for eight years."
C007,Unnamed KNNL canal work (Karnataka),irrigation,Karnataka,Karnataka Neeravari Nigam Limited (KNNL),compensation_delay,right_of_way_land_acquisition,"Land notifications issued 2006-2010; compensation award issued only 2009-2011; work completed May 2012",72,1.25,2012-05,CAG Audit Report - PSUs for the year ended 31 March 2014 (Karnataka), Chapter 2.2 Irrigation,https://agkar.cag.gov.in/docs/AR%202013-14-PSU-Englishh/4-Chapter%202.2-Irrigation%202014.pdf,"Compensation for acquired land was awarded two to four years after the initial acquisition notification, and the contractor could not get a clear site until compensation was settled, stretching a 12-month contract into a six-year delay."
C008,Polavaram Irrigation Project,irrigation,Andhra Pradesh,Andhra Pradesh government / Polavaram Project Authority,compensation_delay,legal_dispute,Cost revision of ~Rs 39538.42 crore proposed due to enhanced LARR compensation and under-estimated land requirement; revised cost pending GoI approval as of March 2023,,39538.42,2023-03,CAG Performance Audit Report on Polavaram Irrigation Project (2025),https://cag.gov.in/webroot/uploads/download_audit_report/2025/PA-on-Polavaram-Irrigation-Project-069aaece202fa02.61046831.pdf,"The original cost estimate significantly under-provided for both the amount of land needed and the higher compensation rates mandated by the 2013 land acquisition law, producing one of the largest documented cost escalations directly attributable to land acquisition and compensation planning errors."
C009,Kaleshwaram Project - Gandhamalla Reservoir component,irrigation,Telangana,Telangana Irrigation Department,compensation_delay,,"407.37 acres requisitioned; Rs 36.75 crore compensation undeposited as of Nov 2020 pending government fund approval; only 74% complete as of March 2022",16,36.75,2022-03,CAG Report on Execution of Kaleshwaram Project (2024),https://cag.gov.in/uploads/download_audit_report/2024/08_Chapter-V_Execution-of-Kaleshwaram-Project-065cdab5633b085.36569039.pdf,"Land had been formally requisitioned but the department itself had not released the compensation funds because government approval for the funds was still pending, stalling acquisition even though the landowners were not the source of the delay."
C010,Gosikhurd (Indira Sagar) Irrigation Project,irrigation,Maharashtra,Vidarbha Irrigation Development Corporation,right_of_way_land_acquisition,,Performance audit covering 2012-2017; project originally approved decades earlier and still incomplete,,,2017-01,CAG Maharashtra Economic Sector Audit Report (tabled 28 March 2018),https://indiatogether.org/thirty-four-years-of-irregularities-and-failures-government/,"One of India's longest-running unfinished irrigation projects; audit scrutiny found land acquisition work was not properly coordinated with the survey and design process, contributing to a project timeline stretching over three decades."
