project_id,land_required_ha,land_acquired_ha,compensation_required,compensation_paid,environmental_clearance,forest_clearance,litigation_count,possession_issues,rnr_issues,actual_delay_days
proj_000,1904.0,507.3,6062189934.081818,3804393212.633181,COMPLETED,NOT_REQUIRED,0,1,0,573
proj_001,3555.0,3210.7,4579490281.102088,1225694832.8448832,COMPLETED,COMPLETED,0,0,1,410
proj_002,1556.0,0.0,7900135590.074144,6953287535.689566,PENDING,PENDING,1,0,1,1337
proj_003,2307.5,406.8,27672609432.801304,14583777370.011524,COMPLETED,PENDING,1,1,1,1146
proj_004,3057.3,1283.8,7237881358.124044,6361923486.541162,NOT_REQUIRED,COMPLETED,2,1,0,785
proj_005,4551.1,2723.1,21039370039.63772,0.0,COMPLETED,NOT_REQUIRED,2,1,1,1180
proj_006,4849.4,3227.7,67436916814.49543,57503756740.78392,PENDING,NOT_REQUIRED,0,0,0,396
proj_007,1393.2,174.2,17557559368.50655,0.0,PENDING,COMPLETED,1,0,1,1392
proj_008,4020.9,1596.0,4331754330.392101,3225729730.3898907,COMPLETED,NOT_REQUIRED,4,0,0,779
proj_009,4322.4,2192.5,42040413527.59211,12962333519.482147,PENDING,COMPLETED,1,0,1,1083
proj_010,3661.6,3114.0,27868470379.62191,17240120051.775593,NOT_REQUIRED,NOT_REQUIRED,0,1,0,365
proj_011,2828.3,2372.0,33355670650.91679,33355670650.91679,COMPLETED,NOT_REQUIRED,1,1,1,536
proj_012,584.1,365.7,3154714599.653554,1200044158.2594168,NOT_REQUIRED,PENDING,2,1,1,1639
proj_013,1182.6,525.7,2457110179.089428,433931944.9856991,PENDING,NOT_REQUIRED,5,0,0,1294
proj_014,4468.2,4468.2,60523012048.45413,34511511674.29672,COMPLETED,PENDING,1,1,1,1034
proj_015,4099.2,659.7,53495495296.38164,26857166406.49683,COMPLETED,PENDING,1,0,1,1281
proj_016,643.3,473.4,3554130246.3653255,1540984284.3388941,NOT_REQUIRED,NOT_REQUIRED,2,1,0,690
proj_017,1539.3,150.8,7677669621.933302,4153151488.241391,COMPLETED,COMPLETED,1,0,0,689
proj_018,1429.3,775.1,4328675369.519792,2686457906.1613607,NOT_REQUIRED,COMPLETED,2,0,1,832
proj_019,1226.3,1012.4,13728463916.238127,13728463916.238127,PENDING,COMPLETED,2,1,0,796
proj_020,4184.7,1267.3,6573544288.099088,1797738861.7320304,NOT_REQUIRED,NOT_REQUIRED,2,0,0,720
proj_021,3243.6,2012.9,11161649287.688263,1475908304.1965084,PENDING,PENDING,1,1,1,1918
proj_022,1738.3,856.9,17799803741.09699,12859445418.56868,PENDING,PENDING,3,1,1,1491
proj_023,1728.2,1442.3,10177255815.838408,7213401041.600154,PENDING,PENDING,3,0,0,955
proj_024,850.1,567.8,959557790.1101562,805031153.4468461,NOT_REQUIRED,NOT_REQUIRED,0,0,1,328
proj_025,3474.9,816.4,35191902529.03821,27935347217.61244,NOT_REQUIRED,COMPLETED,1,1,0,685
proj_026,3745.1,3329.4,38224664601.356224,25423697295.071945,NOT_REQUIRED,NOT_REQUIRED,1,1,1,627
proj_027,1257.7,463.4,18390275245.97011,15658756984.018557,COMPLETED,COMPLETED,3,0,0,784
proj_028,2488.0,1959.8,12267862928.539888,1927734900.1590838,PENDING,COMPLETED,0,0,0,488
proj_029,4705.3,3504.2,67544581867.18384,27734810774.507576,PENDING,NOT_REQUIRED,0,0,0,535
proj_030,4645.2,3446.6,67312105246.04996,31695145649.53906,PENDING,NOT_REQUIRED,2,0,0,981
proj_031,889.0,761.8,7818948512.556625,4451111353.313225,NOT_REQUIRED,NOT_REQUIRED,1,0,1,588
proj_032,3094.3,2838.2,35184544674.83569,18315115719.377525,NOT_REQUIRED,NOT_REQUIRED,2,1,1,1078
proj_033,4060.1,1700.5,53345704489.3391,27183516045.624847,PENDING,PENDING,3,0,0,1696
proj_034,3989.2,2016.2,24965057205.3977,20061612605.399055,PENDING,PENDING,0,0,0,811
proj_035,2354.7,1470.7,20243414498.843025,15678607044.543993,NOT_REQUIRED,COMPLETED,0,0,0,117
proj_036,234.9,107.7,652751201.9069884,610701125.3486066,NOT_REQUIRED,COMPLETED,2,1,0,609
proj_037,305.8,203.3,2580635448.669555,2580635448.669555,PENDING,PENDING,3,0,0,1322
proj_038,3986.2,1860.2,8364599582.291567,0.0,COMPLETED,NOT_REQUIRED,0,1,0,611
proj_039,907.8,907.8,2895989662.7153664,1816094847.7935367,COMPLETED,NOT_REQUIRED,2,0,0,426
proj_040,4776.6,3406.6,45683834430.4821,45683834430.4821,COMPLETED,COMPLETED,1,0,0,382
proj_041,121.2,47.0,318152056.4121355,215556853.70222,NOT_REQUIRED,NOT_REQUIRED,1,0,0,625
proj_042,2483.5,525.3,17568087992.355083,8045351539.773625,PENDING,NOT_REQUIRED,2,1,0,1284
proj_043,3148.0,1449.0,25322221188.141624,16763062357.617783,NOT_REQUIRED,COMPLETED,0,1,0,494
proj_044,399.3,215.3,3673902654.4349146,1926442609.8309836,NOT_REQUIRED,NOT_REQUIRED,2,0,0,725
proj_045,2750.8,2750.8,39007739543.75452,26358733234.14018,PENDING,PENDING,1,1,1,1332
proj_046,393.3,269.1,785278936.1517129,197042341.48909706,NOT_REQUIRED,NOT_REQUIRED,2,0,0,739
proj_047,634.9,542.8,6827917968.055789,5870916645.440472,PENDING,PENDING,2,1,0,1237
proj_048,928.3,765.1,13801102926.46915,10270064605.835993,NOT_REQUIRED,NOT_REQUIRED,1,0,1,385
proj_049,4657.2,4417.7,60626398150.365845,60626398150.365845,COMPLETED,PENDING,1,0,1,604
proj_050,4517.6,4479.8,24759585086.622486,12587811104.93214,COMPLETED,COMPLETED,2,1,0,784
proj_051,4755.5,2667.6,42933274277.584015,7415079933.650061,NOT_REQUIRED,PENDING,1,0,1,1176
proj_052,3379.0,2808.6,40732675863.03916,31234729949.55835,COMPLETED,COMPLETED,0,0,1,353
proj_053,2770.2,1654.8,19893989128.663406,7487361357.245762,PENDING,NOT_REQUIRED,0,1,0,675
proj_054,757.8,594.2,1830630695.5219061,1830630695.5219061,COMPLETED,COMPLETED,0,0,0,86
proj_055,4118.2,2722.7,44836454358.26235,43121089422.06471,PENDING,NOT_REQUIRED,4,0,1,1323
proj_056,3896.9,0.0,53344513645.859474,53344513645.859474,COMPLETED,NOT_REQUIRED,0,0,0,484
proj_057,2369.9,1418.7,4237963862.537409,4237963862.537409,PENDING,PENDING,2,1,0,1235
proj_058,1464.3,727.8,21210554703.04042,14488305940.702797,COMPLETED,PENDING,0,1,0,628
proj_059,4965.2,4444.1,10095005845.138834,6960011421.580458,COMPLETED,PENDING,3,0,1,1533
proj_060,3156.4,2719.9,5164657368.736887,2961088140.742675,COMPLETED,PENDING,3,0,1,1251
proj_061,981.2,819.5,7350932248.9795475,6711696368.571795,COMPLETED,PENDING,0,0,1,696
proj_062,4873.3,127.6,60395441773.53022,38954491231.58553,NOT_REQUIRED,PENDING,1,1,0,1034
proj_063,4667.0,4667.0,61253882412.17768,59525055792.83539,COMPLETED,NOT_REQUIRED,1,1,1,677
proj_064,2990.9,2100.4,38252608820.89228,17804087580.977657,COMPLETED,PENDING,2,0,1,1205
proj_065,4330.4,2526.2,53613011419.116425,53613011419.116425,COMPLETED,PENDING,2,1,0,964
proj_066,2280.2,431.9,23722766608.151283,16942722195.522955,COMPLETED,PENDING,1,0,1,1123
proj_067,2625.5,985.8,31013607125.026894,30136507382.595867,COMPLETED,NOT_REQUIRED,3,0,0,910
proj_068,713.4,713.4,2840400859.486397,2417550574.955081,NOT_REQUIRED,PENDING,0,0,1,553
proj_069,2215.5,2215.5,30259790227.112595,17552305330.12141,PENDING,PENDING,2,0,1,1187
proj_070,4318.7,2572.2,19932620556.45396,16316089173.9216,PENDING,PENDING,2,1,1,1709
proj_071,1238.7,207.7,2554306663.394828,151979300.246524,PENDING,NOT_REQUIRED,2,1,1,1492
proj_072,3354.4,1563.1,5273655609.659874,1633417055.8022997,PENDING,NOT_REQUIRED,0,0,0,594
proj_073,489.1,211.4,1315142063.774254,0.0,NOT_REQUIRED,NOT_REQUIRED,1,1,0,859
proj_074,3467.5,1352.6,45875374307.2635,26864250553.298656,PENDING,NOT_REQUIRED,1,1,1,1340
proj_075,3753.9,1553.7,13451328363.866669,3781007867.73365,COMPLETED,NOT_REQUIRED,2,0,1,926
proj_076,2339.5,2001.3,31660209554.768837,3318802415.549902,COMPLETED,COMPLETED,2,0,1,929
proj_077,1250.2,0.0,5962710422.660826,2535570762.394553,NOT_REQUIRED,NOT_REQUIRED,1,1,0,1015
proj_078,1671.1,1671.1,20134076795.71412,17167439426.887047,COMPLETED,PENDING,1,1,0,744
proj_079,3739.9,3382.2,26340989517.221294,9081644174.44655,NOT_REQUIRED,NOT_REQUIRED,2,1,0,668
proj_080,1812.7,1102.7,7832994075.317721,4315558253.17148,COMPLETED,NOT_REQUIRED,0,1,1,656
proj_081,845.4,348.5,3053532669.8616347,514723289.1216736,NOT_REQUIRED,COMPLETED,1,0,0,736
proj_082,2646.3,1802.5,6797139655.302437,3261979649.273557,COMPLETED,PENDING,4,0,0,1537
proj_083,4650.4,1426.4,40898782207.40771,0.0,PENDING,NOT_REQUIRED,1,0,0,1051
proj_084,1652.2,1130.0,7259331038.546739,0.0,PENDING,PENDING,0,0,0,928
proj_085,2927.1,2456.8,9252791454.307646,9252791454.307646,PENDING,PENDING,0,1,1,863
proj_086,1716.2,719.8,18090529606.329903,14546602777.463234,COMPLETED,NOT_REQUIRED,2,0,0,505
proj_087,4651.2,1349.8,58738477853.032005,33357094851.385975,PENDING,NOT_REQUIRED,0,1,0,790
proj_088,379.2,283.0,4848300610.054315,4848300610.054315,COMPLETED,PENDING,0,1,0,632
proj_089,860.1,667.9,2838090179.2062583,2036026769.1993492,COMPLETED,NOT_REQUIRED,1,1,1,652
proj_090,4392.1,4218.0,31394242047.03759,10572634209.8893,COMPLETED,COMPLETED,1,0,1,731
proj_091,2538.5,880.7,10791106972.82274,4363152458.111933,PENDING,PENDING,3,1,1,1888
proj_092,4702.2,735.5,13870591961.088913,13281114235.412045,PENDING,COMPLETED,4,1,0,1215
proj_093,1280.0,441.7,14611517562.902372,7724035314.267983,PENDING,PENDING,3,0,1,1786
proj_094,597.6,589.3,1851869164.1707811,596570348.7464743,PENDING,PENDING,1,1,1,1386
proj_095,3485.0,3485.0,29964525590.92922,5707772292.055154,COMPLETED,NOT_REQUIRED,0,1,0,350
proj_096,4546.8,301.8,33955871832.127995,33955871832.127995,NOT_REQUIRED,PENDING,1,0,0,913
proj_097,3076.7,3076.7,3856774435.8621197,3856774435.8621197,COMPLETED,COMPLETED,2,1,0,658
proj_098,2902.6,573.5,32829042536.54049,32829042536.54049,PENDING,NOT_REQUIRED,3,0,1,1058
proj_099,2976.8,2763.2,19605317484.328453,8563540735.495163,COMPLETED,PENDING,1,1,0,968
proj_100,1700.8,1455.3,23603666053.52752,0.0,PENDING,NOT_REQUIRED,1,0,1,1171
proj_101,1161.8,1161.8,8520819217.801484,3422836719.658768,PENDING,NOT_REQUIRED,1,0,0,602
proj_102,4578.5,4231.2,45106008591.35398,0.0,PENDING,COMPLETED,0,0,1,766
proj_103,4807.3,3629.5,14812628635.785559,2671543068.066673,PENDING,NOT_REQUIRED,3,1,1,1722
proj_104,3762.3,2481.0,14567456171.396378,6442542496.263483,COMPLETED,PENDING,0,0,0,591
proj_105,2846.0,1243.6,5464095029.383272,2174759616.165527,PENDING,PENDING,2,0,0,1476
proj_106,2820.2,1402.2,36845909317.3525,12948524072.580326,NOT_REQUIRED,NOT_REQUIRED,2,1,1,836
proj_107,175.7,175.7,559804159.0013549,489420741.88933897,COMPLETED,PENDING,0,0,0,491
proj_108,1148.8,938.0,1465808520.8109896,70914777.73071308,COMPLETED,COMPLETED,0,0,0,374
proj_109,3281.1,2450.4,14222121320.493801,5743885872.646512,COMPLETED,PENDING,3,1,1,1569
proj_110,3357.0,1352.3,45482990798.85559,5687999451.500469,PENDING,NOT_REQUIRED,0,0,0,768
proj_111,4468.7,4468.7,55609440620.76799,189044717.15375322,COMPLETED,NOT_REQUIRED,2,0,0,877
proj_112,3139.5,3057.9,22308569335.084576,0.0,COMPLETED,NOT_REQUIRED,2,0,0,809
proj_113,4009.3,2368.3,27876619048.558968,27876619048.558968,COMPLETED,COMPLETED,1,0,1,656
proj_114,4182.9,2532.9,14236541986.84816,9097615610.320766,NOT_REQUIRED,NOT_REQUIRED,1,1,1,698
proj_115,2793.2,2138.4,28266864002.421978,8828898079.692375,COMPLETED,NOT_REQUIRED,0,1,0,420
proj_116,727.6,727.6,7501929581.597977,7501929581.597977,PENDING,COMPLETED,0,1,0,432
proj_117,1946.5,1638.9,16087526386.662605,5804295309.849588,NOT_REQUIRED,NOT_REQUIRED,1,1,1,807
proj_118,1977.0,638.6,21878752563.68955,0.0,COMPLETED,NOT_REQUIRED,1,1,0,979
proj_119,4687.3,2384.1,52760292677.55048,39202308572.09687,COMPLETED,PENDING,0,1,0,707
proj_120,2507.0,233.5,29564476527.070858,26455738709.557747,COMPLETED,NOT_REQUIRED,0,0,0,462
proj_121,2502.7,1250.2,26622805485.55573,0.0,COMPLETED,PENDING,3,1,1,2053
proj_122,2971.6,1134.7,41134046291.81041,16494445940.760666,PENDING,COMPLETED,0,0,0,656
proj_123,966.4,759.8,8298103057.650234,5411019908.80297,PENDING,COMPLETED,4,1,0,1076
proj_124,2472.7,1802.3,8723821182.549006,5086642689.125767,COMPLETED,NOT_REQUIRED,2,0,1,716
proj_125,4625.8,4237.0,67512697226.80341,32688158562.968117,PENDING,PENDING,3,1,1,1844
proj_126,233.2,41.6,626826768.6856598,439037829.0311297,PENDING,NOT_REQUIRED,0,1,0,742
proj_127,3637.6,3577.1,6965963154.063259,4632561649.623718,COMPLETED,COMPLETED,2,0,1,678
proj_128,4435.6,865.7,5950849493.4105215,4369121936.081414,COMPLETED,NOT_REQUIRED,1,0,1,875
proj_129,4698.4,4320.9,57240444169.42585,16776293825.729252,NOT_REQUIRED,NOT_REQUIRED,4,0,0,1054
proj_130,2117.9,2117.9,9197785638.317627,2675231039.7185354,COMPLETED,NOT_REQUIRED,0,1,0,371
proj_131,1516.7,492.0,6477080264.243578,3148677412.2976165,COMPLETED,NOT_REQUIRED,2,1,1,1107
proj_132,4752.3,4254.7,67607399853.496574,28016808184.451656,COMPLETED,COMPLETED,2,0,0,592
proj_133,3058.3,2286.8,25009673825.385036,6124969316.079878,NOT_REQUIRED,PENDING,0,0,1,678
proj_134,972.9,397.7,1760751960.3993964,1717801255.4376628,PENDING,NOT_REQUIRED,4,1,1,1489
proj_135,3495.3,1498.7,11026073060.015736,3077495877.341349,NOT_REQUIRED,NOT_REQUIRED,1,1,0,808
proj_136,2985.1,1038.7,39655417894.53127,22440173416.60212,PENDING,PENDING,1,1,1,1638
proj_137,3293.4,2306.5,28692111301.097954,12315259832.27699,NOT_REQUIRED,COMPLETED,1,1,1,732
proj_138,3630.9,1262.6,14823384631.43398,7362608682.491764,COMPLETED,COMPLETED,1,0,0,603
proj_139,2428.9,2323.3,22573489754.233036,6867402380.715472,PENDING,NOT_REQUIRED,2,1,0,1122
proj_140,4399.2,3419.0,56785507996.83944,53576072414.945816,PENDING,PENDING,5,0,1,2064
proj_141,4410.3,3282.0,58241581145.80715,20493503163.964336,COMPLETED,NOT_REQUIRED,1,0,1,747
proj_142,4098.9,2494.7,4465350694.121807,4465350694.121807,COMPLETED,COMPLETED,1,0,0,343
proj_143,1336.0,837.7,13194442670.775131,13194442670.775131,PENDING,PENDING,0,0,0,781
proj_144,3817.1,2906.4,22086543429.80776,11466927400.589079,PENDING,PENDING,2,1,1,1639
proj_145,385.8,278.8,2011364417.793144,713666466.4579008,COMPLETED,NOT_REQUIRED,1,0,0,495
proj_146,3123.5,1350.4,36281591294.78023,23615134480.441574,NOT_REQUIRED,PENDING,0,0,1,1103
proj_147,3432.3,1991.7,24858906027.35679,0.0,COMPLETED,NOT_REQUIRED,0,0,1,707
proj_148,3984.3,1169.9,8579531200.66083,6720712096.648039,PENDING,NOT_REQUIRED,2,1,0,1096
proj_149,2127.7,1213.3,21147983223.828243,0.0,COMPLETED,NOT_REQUIRED,3,0,0,1086
proj_150,1104.9,687.5,6805486600.525372,2778264764.659863,PENDING,PENDING,3,1,0,1553
proj_151,3866.1,2849.4,49590330135.11779,37544298606.43311,NOT_REQUIRED,COMPLETED,0,0,1,482
proj_152,211.0,139.0,2563971157.543625,2009131652.7906113,COMPLETED,COMPLETED,1,1,0,506
proj_153,2180.0,812.7,8300014658.894277,1690439391.0807881,COMPLETED,PENDING,1,1,1,1448
proj_154,3997.9,1863.6,4648308590.980337,0.0,PENDING,NOT_REQUIRED,0,1,0,1001
proj_155,3020.1,0.0,15352002155.439531,12501443369.460688,COMPLETED,NOT_REQUIRED,1,1,0,911
proj_156,2428.5,1265.3,35974041508.489716,12183839440.677187,COMPLETED,NOT_REQUIRED,0,0,0,544
proj_157,3527.2,2092.4,31163099709.53061,4658027443.80432,PENDING,COMPLETED,1,0,0,923
proj_158,439.0,131.5,3927106053.4155364,1521988761.9840426,PENDING,COMPLETED,2,0,0,1028
proj_159,206.4,181.1,2911678906.745766,1525289249.4920905,COMPLETED,NOT_REQUIRED,4,0,0,1170
proj_160,4083.4,4063.9,29941350762.028378,17337235010.8275,PENDING,PENDING,3,0,0,1268
proj_161,3959.0,1746.8,40468537164.91156,40468537164.91156,PENDING,NOT_REQUIRED,1,1,0,668
proj_162,4981.9,3045.9,18899307507.974712,10357057335.682796,NOT_REQUIRED,NOT_REQUIRED,1,1,0,589
proj_163,3649.5,2068.5,41596604287.67063,0.0,COMPLETED,PENDING,2,1,1,1555
proj_164,4341.8,570.8,48426731939.86616,48426731939.86616,PENDING,NOT_REQUIRED,3,1,0,1261
proj_165,4566.2,580.3,18033159624.127445,18033159624.127445,NOT_REQUIRED,PENDING,1,1,1,1530
proj_166,3593.3,2505.0,28357928302.04613,10872543380.998133,NOT_REQUIRED,PENDING,1,0,1,1011
proj_167,1828.2,0.0,17004658452.30668,6037055459.076236,PENDING,NOT_REQUIRED,2,0,1,1429
proj_168,1659.7,762.9,24194267839.23605,15450497008.389187,NOT_REQUIRED,COMPLETED,1,0,0,454
proj_169,4153.0,2808.5,29205662400.74472,22183735766.667206,NOT_REQUIRED,NOT_REQUIRED,1,1,0,400
proj_170,879.7,442.9,11276334415.414839,11276334415.414839,PENDING,NOT_REQUIRED,3,0,1,1321
proj_171,332.6,144.6,2805937790.1840053,1256032064.9586668,COMPLETED,PENDING,2,1,0,1165
proj_172,255.8,164.2,3363988996.335103,2290923456.7854176,PENDING,PENDING,2,0,0,1132
proj_173,198.4,143.0,1053706205.7636919,131305318.52425161,NOT_REQUIRED,NOT_REQUIRED,2,0,0,884
proj_174,3379.4,3115.6,11760639978.418943,5109006038.992236,COMPLETED,COMPLETED,4,0,1,880
proj_175,2874.5,1990.0,4097366443.379806,2372483325.084072,COMPLETED,COMPLETED,1,1,0,456
proj_176,3311.5,3311.5,8253259478.108758,342195347.0072607,COMPLETED,NOT_REQUIRED,2,0,0,824
proj_177,4360.2,3046.2,52119200626.27237,52119200626.27237,PENDING,NOT_REQUIRED,2,1,0,923
proj_178,3354.6,2614.0,40823439330.45645,31861432827.58772,PENDING,NOT_REQUIRED,2,0,0,668
proj_179,1656.7,1001.8,10156335547.500229,10156335547.500229,COMPLETED,NOT_REQUIRED,1,1,1,591
proj_180,1225.8,259.9,2481929886.9750147,644334847.4587641,PENDING,NOT_REQUIRED,3,0,1,1709
proj_181,2619.5,1316.4,20192536998.315125,0.0,PENDING,NOT_REQUIRED,2,0,0,1150
proj_182,3836.2,2986.2,55154320033.91248,46404981957.31198,COMPLETED,PENDING,0,1,1,610
proj_183,1255.2,859.0,17545792648.79654,3481333788.082336,PENDING,NOT_REQUIRED,1,1,0,898
proj_184,1460.1,1301.3,12481311321.029547,3158038302.8279395,PENDING,NOT_REQUIRED,1,1,1,932
proj_185,2097.1,1850.1,5675602568.716778,4086552126.81911,NOT_REQUIRED,NOT_REQUIRED,0,1,1,378
proj_186,2649.6,1111.7,23693706399.802395,14877580903.714884,PENDING,PENDING,2,1,1,1648
proj_187,264.9,264.9,2613005191.527991,1434328199.8977027,PENDING,NOT_REQUIRED,2,1,0,1032
proj_188,1099.6,197.1,14028760840.851439,14028760840.851439,NOT_REQUIRED,NOT_REQUIRED,2,1,0,691
proj_189,4121.9,3579.8,28574393908.007698,6589362397.80613,COMPLETED,NOT_REQUIRED,2,1,1,1106
proj_190,881.7,696.7,3557092744.3605165,2367315079.0473204,COMPLETED,PENDING,0,1,1,676
proj_191,3055.1,1698.3,26438113718.158573,7323444375.488759,PENDING,NOT_REQUIRED,3,0,1,1091
proj_192,3491.0,591.1,38562873198.7777,0.0,PENDING,PENDING,2,0,1,2097
proj_193,2913.0,1281.0,14093820303.642004,841235989.3121403,PENDING,COMPLETED,1,0,1,1296
proj_194,2619.3,1755.3,34891976156.69619,0.0,PENDING,COMPLETED,2,1,0,1098
proj_195,4971.0,1178.7,51031036578.37766,51031036578.37766,PENDING,NOT_REQUIRED,1,0,1,952
proj_196,2833.4,857.9,24088398256.604397,18108825168.650204,PENDING,PENDING,0,1,0,1089
proj_197,1770.5,899.4,18251666914.864674,5227941025.41275,COMPLETED,COMPLETED,0,0,1,646
proj_198,4962.8,3086.4,63466599666.63825,51536863649.620026,COMPLETED,NOT_REQUIRED,2,1,0,684
proj_199,4139.0,2932.5,49454399568.14818,3548959712.673833,PENDING,NOT_REQUIRED,1,1,0,991
proj_200,4687.9,230.4,30742035154.495464,21617692469.29742,COMPLETED,PENDING,2,1,1,1342
proj_201,4961.2,4224.7,64098453005.10956,34147280619.874527,COMPLETED,NOT_REQUIRED,4,0,0,648
proj_202,1558.2,853.1,5343602589.527689,1056440578.2482519,COMPLETED,NOT_REQUIRED,3,0,1,1404
proj_203,4317.0,2846.1,60086599080.24853,60086599080.24853,PENDING,NOT_REQUIRED,1,0,0,520
proj_204,2537.7,711.7,15595389448.289068,5893655470.68456,PENDING,PENDING,0,1,1,1644
proj_205,4830.8,3666.1,34081150508.920826,17919520148.507732,COMPLETED,COMPLETED,1,0,1,575
proj_206,3222.1,2455.3,32552281157.42526,0.0,PENDING,PENDING,0,1,1,1370
proj_207,4974.6,2891.3,8998692502.255358,2470504540.325698,COMPLETED,COMPLETED,0,0,0,399
proj_208,1551.2,1071.5,2903978521.6309457,722592925.3539966,COMPLETED,NOT_REQUIRED,4,0,1,1182
proj_209,2159.1,2159.1,6110134841.876705,2740988206.4508076,COMPLETED,COMPLETED,0,0,1,515
proj_210,1870.4,1800.0,21080532723.62865,7870205840.30261,PENDING,COMPLETED,1,1,0,769
proj_211,145.0,0.0,672420813.7524195,189287952.3155394,COMPLETED,PENDING,1,0,0,1176
proj_212,110.0,33.2,953857613.0194873,465124247.3193115,PENDING,COMPLETED,2,1,0,891
proj_213,1657.1,974.3,18763341781.150517,0.0,PENDING,COMPLETED,1,1,0,968
proj_214,3935.8,1571.5,41852848067.01578,38335613187.814095,PENDING,PENDING,1,1,0,1175
proj_215,3204.1,2808.1,32781002629.95368,20016652783.659054,PENDING,NOT_REQUIRED,1,0,1,782
proj_216,2616.1,1930.7,21376432738.532528,4893361562.316025,PENDING,PENDING,1,0,1,1412
proj_217,406.8,188.6,812621315.9687008,145461577.61724305,PENDING,NOT_REQUIRED,1,1,0,983
proj_218,3884.5,1110.7,13353087983.47351,9542932560.16479,COMPLETED,NOT_REQUIRED,0,0,1,714
proj_219,1362.0,1111.0,1761378516.9374456,1582456056.7181723,NOT_REQUIRED,PENDING,2,1,0,770
proj_220,650.9,649.9,6518541900.818908,4709594399.517892,NOT_REQUIRED,PENDING,1,1,1,1165
proj_221,3753.0,3753.0,46405008205.832,7355443743.847237,PENDING,NOT_REQUIRED,2,0,0,952
proj_222,1892.2,148.9,18129459891.945976,0.0,PENDING,NOT_REQUIRED,2,1,1,1734
proj_223,3246.8,1787.8,16242750286.223871,10097313321.39002,NOT_REQUIRED,PENDING,2,1,0,1170
proj_224,3787.5,3651.6,42415718156.49454,18831851823.121803,PENDING,COMPLETED,2,1,0,974
proj_225,4690.1,2856.7,7524947935.661903,3478416965.585535,PENDING,COMPLETED,2,1,0,1107
proj_226,2554.0,1911.2,21942233519.56653,17322196363.758274,PENDING,NOT_REQUIRED,2,1,1,1162
proj_227,4372.9,3441.8,43327038465.42195,10877197634.948412,PENDING,NOT_REQUIRED,1,1,1,1051
proj_228,1271.1,683.0,15508682916.38902,2478160642.900431,COMPLETED,NOT_REQUIRED,0,0,0,570
proj_229,3099.1,2226.4,11257004370.652906,11016696535.418844,COMPLETED,PENDING,1,0,0,547
proj_230,3816.9,630.0,11772971190.394714,676671857.0776594,PENDING,NOT_REQUIRED,3,0,0,1779
proj_231,4436.7,2130.1,41272937164.81107,0.0,PENDING,PENDING,1,0,1,1362
proj_232,3117.0,2961.0,7174925540.601841,1942976136.005588,COMPLETED,NOT_REQUIRED,2,1,0,672
proj_233,2829.3,1113.7,25037158471.843414,25037158471.843414,PENDING,COMPLETED,1,1,1,851
proj_234,4134.0,1465.7,7522693580.92454,3751192786.8204803,COMPLETED,COMPLETED,2,1,1,1138
proj_235,2229.0,2229.0,6830403548.3962965,1456727485.3121219,PENDING,NOT_REQUIRED,0,0,1,617
proj_236,1142.0,1142.0,17103580012.15048,12867445253.828068,NOT_REQUIRED,PENDING,3,0,1,1234
proj_237,2079.0,1410.6,26522285325.710274,25977426051.314133,PENDING,PENDING,1,0,0,967
proj_238,1843.1,1183.8,9551235465.540546,0.0,PENDING,PENDING,2,0,0,1548
proj_239,2318.0,1020.4,17991305836.913948,8797641289.721115,COMPLETED,NOT_REQUIRED,3,0,0,987
proj_240,3070.6,2206.5,31312051039.6743,8473819785.353071,COMPLETED,NOT_REQUIRED,1,0,0,493
proj_241,1345.4,725.0,5997393867.80056,2455383686.9096875,NOT_REQUIRED,COMPLETED,1,0,1,877
proj_242,2276.2,1006.5,4272757103.871091,2112417719.2623036,PENDING,NOT_REQUIRED,1,0,1,827
proj_243,1769.3,1530.8,24058351939.342876,12673850470.337425,PENDING,NOT_REQUIRED,1,0,0,691
proj_244,2123.0,1837.2,31289112123.759167,4140423892.9335804,COMPLETED,COMPLETED,1,0,0,493
proj_245,2346.5,452.9,34277847083.725624,0.0,COMPLETED,PENDING,0,1,0,1325
proj_246,798.7,303.2,10310118635.568035,1813539817.6334643,PENDING,PENDING,2,1,1,1848
proj_247,385.0,311.1,4200231174.068453,709687489.3850498,NOT_REQUIRED,NOT_REQUIRED,1,1,0,610
proj_248,870.6,405.3,5889363127.048623,5889363127.048623,NOT_REQUIRED,COMPLETED,2,1,1,1085
proj_249,2323.2,1433.7,4013077293.6370687,997675312.1402106,PENDING,NOT_REQUIRED,1,1,0,829
proj_250,1684.6,1072.8,6516601922.080065,6516601922.080065,PENDING,NOT_REQUIRED,3,1,0,1329
proj_251,3871.5,2285.8,5344001397.846567,2541514238.5068836,COMPLETED,PENDING,3,0,0,1178
proj_252,3301.1,1558.4,39146311935.25437,37556121556.795425,PENDING,NOT_REQUIRED,1,0,0,640
proj_253,3974.6,2624.0,36114436288.43748,35220903519.200386,COMPLETED,NOT_REQUIRED,2,1,0,511
proj_254,831.9,744.4,4521096548.134656,3447536619.232332,COMPLETED,PENDING,2,1,1,1316
proj_255,4475.2,1992.7,45468460422.30537,19105325576.595356,COMPLETED,PENDING,1,1,0,946
proj_256,4418.0,2682.9,64236715407.01021,64236715407.01021,PENDING,NOT_REQUIRED,3,1,1,1234
proj_257,112.4,58.8,993231543.7733588,993231543.7733588,NOT_REQUIRED,NOT_REQUIRED,1,1,0,519
proj_258,3670.9,2575.3,45764703542.48655,17474768586.82521,NOT_REQUIRED,PENDING,2,1,0,920
proj_259,2323.4,1311.7,13961718855.19984,13961718855.19984,PENDING,NOT_REQUIRED,1,0,1,852
proj_260,3574.5,1538.5,20986532059.806362,7045525853.306001,COMPLETED,COMPLETED,2,1,1,1191
proj_261,4215.2,4102.0,32027175352.234406,16499765787.224367,PENDING,PENDING,0,1,1,1179
proj_262,3397.1,3255.8,6709191221.915119,345172757.59879094,COMPLETED,PENDING,0,0,0,754
proj_263,4193.4,3175.6,20589028890.546143,20589028890.546143,COMPLETED,PENDING,1,1,0,862
proj_264,1102.6,831.6,14550860870.005375,8320658244.518982,COMPLETED,NOT_REQUIRED,3,1,1,958
proj_265,2824.2,2245.6,7212590425.337984,0.0,PENDING,PENDING,2,1,0,1438
proj_266,4885.2,2656.3,7759385204.062887,954201421.1414157,PENDING,NOT_REQUIRED,2,0,1,1255
proj_267,4558.3,3761.4,52673283632.31309,45060155924.66137,COMPLETED,PENDING,2,1,1,867
proj_268,3533.2,1154.6,15498429836.057817,8318718643.965099,COMPLETED,NOT_REQUIRED,0,1,0,446
proj_269,3011.9,1539.4,15545407742.526176,14302462827.767204,PENDING,PENDING,0,1,1,1225
proj_270,4519.3,3292.3,42052547385.00823,36150652574.66269,COMPLETED,COMPLETED,1,1,0,395
proj_271,3983.2,2188.2,5916580489.9489975,3124077949.5961685,PENDING,NOT_REQUIRED,0,1,1,891
proj_272,4165.3,1340.4,9638512478.646158,5738265205.167646,PENDING,NOT_REQUIRED,5,0,0,1666
proj_273,2201.3,866.5,26050878006.223106,22255818793.188374,PENDING,NOT_REQUIRED,2,0,1,1126
proj_274,2978.9,880.8,24346826397.036182,19797575563.27028,NOT_REQUIRED,COMPLETED,0,0,1,659
proj_275,3278.5,0.0,46906924782.65416,46906924782.65416,PENDING,PENDING,2,1,1,1645
proj_276,1309.2,612.9,2145886726.564091,0.0,COMPLETED,COMPLETED,0,0,0,574
proj_277,1020.7,0.0,9748625059.658512,1386907161.3852966,COMPLETED,COMPLETED,1,0,1,1094
proj_278,87.9,44.6,1075561937.2909179,214184648.34834656,COMPLETED,COMPLETED,2,1,0,992
proj_279,481.1,385.6,4637289812.659839,1726826680.107585,PENDING,NOT_REQUIRED,2,1,0,1024
proj_280,3526.2,1366.3,24350507324.29078,0.0,PENDING,COMPLETED,3,1,1,1482
proj_281,4777.5,2089.1,59703347128.3719,33311307352.47659,PENDING,NOT_REQUIRED,1,1,1,1177
proj_282,1950.0,0.0,5253982513.24577,1115623671.1659539,COMPLETED,COMPLETED,2,1,0,1103
proj_283,4711.5,1908.2,48811220350.490135,3116126319.631501,COMPLETED,NOT_REQUIRED,1,0,0,801
proj_284,3198.7,2117.6,42324495672.89117,34010925235.18617,PENDING,PENDING,1,1,1,1105
proj_285,107.9,68.3,745424953.3488115,334386449.28723085,COMPLETED,NOT_REQUIRED,1,0,0,391
proj_286,658.9,8.0,7385233753.248637,5856931591.885303,PENDING,COMPLETED,3,1,0,1492
proj_287,1566.3,1371.7,18867324383.77514,18867324383.77514,PENDING,COMPLETED,4,1,0,1386
proj_288,2931.9,2906.4,31893800669.596012,0.0,COMPLETED,COMPLETED,2,0,0,768
proj_289,4456.0,2386.3,26033219510.670498,26033219510.670498,PENDING,PENDING,1,1,1,1273
proj_290,2077.7,1938.7,19698485652.229965,524718897.9836171,PENDING,NOT_REQUIRED,1,1,1,937
proj_291,3457.0,2364.8,10259482524.857506,3185202662.0831714,PENDING,COMPLETED,2,1,0,972
proj_292,243.0,139.4,787404833.8477861,277163027.5214189,PENDING,COMPLETED,0,0,0,588
proj_293,1481.8,1481.8,20154205648.313496,15695727782.559643,COMPLETED,PENDING,3,0,1,1072
proj_294,4807.6,663.9,27717830593.795464,0.0,COMPLETED,NOT_REQUIRED,1,1,0,1048
proj_295,3821.4,3821.4,48421339503.676056,0.0,NOT_REQUIRED,PENDING,1,1,1,1511
proj_296,335.4,74.3,4873309477.074302,750413194.6141231,PENDING,PENDING,1,0,0,1273
proj_297,2248.0,1510.1,21956846563.763718,0.0,PENDING,PENDING,4,0,0,1904
proj_298,1046.5,481.8,8013724995.219498,3667246107.57398,COMPLETED,NOT_REQUIRED,1,1,0,641
proj_299,4356.3,4356.3,12324551275.574121,4378848641.191718,PENDING,COMPLETED,1,0,0,726
proj_300,4391.6,3131.8,34112649341.47539,16657031829.94546,COMPLETED,COMPLETED,2,0,0,484
proj_301,3820.9,1543.1,24497956715.2815,0.0,NOT_REQUIRED,NOT_REQUIRED,3,0,0,1408
proj_302,4146.2,3003.5,59641677335.813156,59641677335.813156,PENDING,NOT_REQUIRED,0,0,0,367
proj_303,4470.8,2408.3,8380095733.730025,3736670188.7849274,PENDING,COMPLETED,3,1,1,1681
proj_304,2410.4,2259.1,25780322421.67863,22661176289.479214,PENDING,NOT_REQUIRED,0,0,1,470
proj_305,4032.0,750.4,19767437278.056686,17420054460.07503,COMPLETED,NOT_REQUIRED,1,1,1,819
proj_306,3702.5,2793.6,11107144642.238968,8733140176.694185,PENDING,NOT_REQUIRED,5,0,1,1229
proj_307,434.4,145.7,2912913697.526831,669762430.5852503,NOT_REQUIRED,NOT_REQUIRED,1,1,0,800
proj_308,4050.8,2467.2,21039529075.577736,15641690129.419924,PENDING,NOT_REQUIRED,0,0,1,849
proj_309,3550.1,2133.3,6046403086.175546,2632931925.90233,NOT_REQUIRED,NOT_REQUIRED,1,0,0,438
proj_310,1441.0,1223.2,7926854276.974771,3348854515.639104,COMPLETED,PENDING,1,0,1,929
proj_311,3037.3,1843.5,18252342047.49315,2886257851.603939,COMPLETED,NOT_REQUIRED,2,0,0,894
proj_312,2950.0,1195.7,31142091236.526516,17926539896.374493,COMPLETED,COMPLETED,1,0,1,886
proj_313,2784.9,2093.2,23065595863.346954,15153321175.381422,COMPLETED,NOT_REQUIRED,1,1,1,620
proj_314,1457.2,1020.9,2565616976.015096,310447725.55574703,NOT_REQUIRED,COMPLETED,2,1,1,1154
proj_315,1417.0,856.7,15441999558.146498,2418526339.0905337,PENDING,NOT_REQUIRED,0,0,0,700
proj_316,1833.2,1500.7,9875211635.239182,3009186350.676905,PENDING,NOT_REQUIRED,4,0,0,1122
proj_317,1968.9,1968.9,19409349852.953686,13759239053.611662,COMPLETED,NOT_REQUIRED,5,1,1,1547
proj_318,571.6,448.6,957203745.5761138,939546949.78757,COMPLETED,NOT_REQUIRED,2,1,0,382
proj_319,1084.0,0.0,6679500025.044132,1982101027.3576088,NOT_REQUIRED,COMPLETED,4,0,0,1597
proj_320,3303.9,3012.3,13282898819.035215,6238901668.658845,NOT_REQUIRED,COMPLETED,2,0,0,574
proj_321,3706.1,1220.7,20082550982.09892,486705500.1603039,COMPLETED,NOT_REQUIRED,1,0,0,860
proj_322,4456.6,1499.4,8081096310.978017,0.0,PENDING,NOT_REQUIRED,0,1,1,912
proj_323,4185.6,2660.8,5046609065.758449,0.0,COMPLETED,PENDING,0,1,0,889
proj_324,665.6,355.8,4432933580.819773,0.0,COMPLETED,NOT_REQUIRED,2,0,0,851
proj_325,2619.2,1538.8,27463861896.998863,25306437118.816833,COMPLETED,NOT_REQUIRED,3,1,1,1225
proj_326,133.9,107.4,359240471.70943224,264661671.28254077,PENDING,NOT_REQUIRED,1,0,0,593
proj_327,2613.9,986.3,15352318993.756235,13747505283.788544,NOT_REQUIRED,COMPLETED,2,0,0,565
proj_328,4497.9,3603.1,33338167741.910297,25696611461.659355,PENDING,NOT_REQUIRED,1,0,0,495
proj_329,3749.8,401.4,28623489323.372684,14550882331.58323,COMPLETED,NOT_REQUIRED,1,0,0,709
proj_330,1860.1,746.6,5526805913.293735,1441814586.4693189,COMPLETED,PENDING,3,1,1,1554
proj_331,1971.4,1857.1,20577126504.677124,3614516218.16145,PENDING,NOT_REQUIRED,2,1,0,1082
proj_332,4456.2,2246.1,13645965562.823267,7651336515.855437,COMPLETED,NOT_REQUIRED,0,0,1,462
proj_333,714.7,714.7,10299597228.469835,0.0,COMPLETED,NOT_REQUIRED,2,1,1,1267
proj_334,1409.8,769.6,12197702367.71981,12197702367.71981,COMPLETED,PENDING,1,1,0,638
proj_335,1085.5,250.1,1845031298.5411377,1253043226.0791268,COMPLETED,PENDING,2,1,1,1314
proj_336,4759.6,2924.2,22054010996.868874,13954400782.253138,PENDING,COMPLETED,2,1,0,976
proj_337,991.0,606.9,11987464643.38503,6121667613.196791,COMPLETED,PENDING,2,0,0,932
proj_338,2410.7,751.1,24031334321.73824,20002263151.569416,COMPLETED,NOT_REQUIRED,1,1,1,967
proj_339,2519.5,1780.5,2946413238.0436373,0.0,PENDING,PENDING,2,0,0,1356
proj_340,522.2,244.9,4037891683.7852783,1912131308.0428052,PENDING,NOT_REQUIRED,1,0,1,1076
proj_341,4601.7,598.7,68590962462.60595,0.0,COMPLETED,NOT_REQUIRED,4,1,1,1904
proj_342,3948.4,2850.5,23769756764.78733,0.0,COMPLETED,NOT_REQUIRED,1,0,1,752
proj_343,1143.2,358.8,1766266277.0346425,595559333.2968843,PENDING,NOT_REQUIRED,3,0,1,1484
proj_344,2607.7,934.8,15496793086.465517,13686037619.73722,PENDING,COMPLETED,5,1,0,1119
proj_345,2976.1,1774.9,10731526634.252342,9172825576.490862,PENDING,COMPLETED,0,1,1,791
proj_346,402.2,0.0,4968095113.939387,2879404883.380478,PENDING,NOT_REQUIRED,2,0,0,1097
proj_347,800.4,766.6,10615195480.658733,0.0,PENDING,NOT_REQUIRED,1,1,0,905
proj_348,682.9,551.1,1205237835.8612957,0.0,PENDING,COMPLETED,1,0,0,800
proj_349,1190.6,326.5,1215166256.0634732,937803723.5196584,COMPLETED,NOT_REQUIRED,3,0,1,1283
