record_id,project_name,state,sector,habitation,record_granularity,target_stage,target_definition,target_value_days,target_value_months,source_report,source_note,lp_schedule_year,pn_year,patta_land_wr_acres,patta_land_revenue_acres,government_land_wr_acres,government_land_revenue_acres,d_patta_land_wr_acres,d_patta_land_revenue_acres,patta_discrepancy_acres,government_land_discrepancy_acres,d_patta_discrepancy_acres,classification_discrepancy_abs_acres,land_data_available,land_data_missing_count,land_acquisition_delay_months,land_acquisition_delay_days,target_source,patta_discrepancy_percentage,government_discrepancy_percentage,d_patta_discrepancy_percentage,area_acres,sia_notification_date,preliminary_notification_date,gs_meeting_date,gs_total_members,gs_attendees,gs_attendance_percentage,award_date,gs_views,district,capacity_mw,target_observed,target_censoring,ml_use,state_gsdp_2020_21_crore,state_revenue_surplus_2020_21_crore,state_fiscal_deficit_2020_21_crore,state_capital_expenditure_2020_21_crore,government_land_discrepancy_percentage,incomplete_project_count,incomplete_project_estimated_cost_crore,incomplete_project_expenditure_crore,incomplete_project_sanction_year,incomplete_project_age_as_of_2021_years,incomplete_project_department,incomplete_project_overshot_count,incomplete_project_future_scheduled_count,incomplete_project_physical_progress_min_pct,incomplete_project_physical_progress_max_pct,incomplete_project_initial_budgeted_cost_crore,incomplete_project_cost_revised_count,incomplete_project_revised_cost_crore,incomplete_project_cost_overrun_crore,audit_sample_scope,land_acquisition_compensation_budget_crore,land_acquisition_compensation_expenditure_crore,land_acquisition_compensation_utilization_pct,land_acq_compensation_before_possession_crore,land_acq_compensation_after_possession_crore,land_acq_total_compensation_crore,land_acq_interest_paid_crore,land_acq_interest_payable_crore,land_acq_excess_interest_payment_crore,land_acq_first_compensation_payment_date,land_acq_last_compensation_payment_date,nha_tunnel_original_cost_crore,nha_electrical_system_original_cost_crore,nha_land_original_cost_crore,nha_office_building_original_cost_crore,land_acq_compensation_paid_crore,land_acq_area_acres,land_acq_initial_rate_crore_per_acre,land_acq_court_rate_crore_per_acre,land_acq_rate_increase_multiple,land_acq_acquisition_date,land_acq_compensation_suit_date,land_acq_court_decision_date,land_acq_denotification_decision_date,land_acq_denotification_status,land_acq_approx_years_to_court_decision,construction_award_date,construction_award_cost_crore,construction_work_completed_cost_crore,wasteful_civil_dismantlement_expenditure_crore,idle_equipment_investment_crore,interest_loss_crore,additional_dismantlement_estimate_crore,land_acq_delay_evidence_type,land_acq_final_provision_crore,land_acq_reappropriation_crore,land_acq_excess_expenditure_crore,land_acq_compensation_utilization_vs_original_pct,land_acq_compensation_expenditure_crore,incomplete_project_capital_blocked_crore,land_acq_acquisition_to_court_months,land_acq_court_to_denotification_months,land_acq_acquisition_to_denotification_months,project_award_delay_days,du_sanctioned,du_taken_up_execution,du_completed,du_in_progress,du_not_started,non_started_cost_crore,land_delay_reason_category,ulb_total_functions,ulb_full_jurisdiction_functions,ulb_implementing_agency_functions,ulb_overlapping_functions,ulb_not_devolved_functions,ward_committees_municipal_corporations,dpc_functioning_status,mpc_formed,key_ulb_posts_vacancy_pct,ulb_own_revenue_pct,sfc_grant_shortfall_crore,sfc_grants_deducted_other_agencies_crore,audit_period_start,audit_period_end,source_url,land_acq_compensation_budget_crore,aggregate_case_count,pending_case_count,delay_days_min,delay_days_max,pending_award_amount_crore,implicit_interest_liability_crore,avoidable_interest_crore,source_page,land_acq_pd_undisbursed_crore,state_finance_year,state_gsdp_crore,state_revenue_receipts_crore,state_total_expenditure_crore,state_fiscal_liabilities_crore,state_revenue_deficit_crore,state_fiscal_deficit_crore,state_capital_expenditure_crore,land_required_ha,land_in_possession_ha,land_pending_ha,land_shortfall_pct
PIP_001,Polavaram Irrigation Project,Andhra Pradesh,Irrigation,Chigurumamidi,case,LP_schedule_to_PN,Elapsed time from LP Schedule year to Preliminary Notification,396.0,13.0,"CAG Polavaram Performance Audit, Appendix 5.3",Polavaram Appendix 5.3,2007.0,2008.0,464.21,590.08,203.4,191.75,0.0,163.16,-125.87,11.65,-163.16,300.68,6.0,0.0,13.0,396.0,"CAG Polavaram Performance Audit, Appendix 5.3",27.1149,5.7276,,,,,,,,,,,,,1.0,none,supervised_training,,,,,,,,,,,,,,,,,,,,,,,,,,,,,,,,,,,,,,,,,,,,,,,,,,,,,,,,,,,,,,,,,,,,,,,,,,,,,,,,,,,,,,,,,,,,,,,,,,,,,,,,,,,,
PIP_002,Polavaram Irrigation Project,Andhra Pradesh,Irrigation,Narlavaram colony,case,LP_schedule_to_PN,Elapsed time from LP Schedule year to Preliminary Notification,396.0,13.0,"CAG Polavaram Performance Audit, Appendix 5.3",Polavaram Appendix 5.3,2007.0,2008.0,654.86,625.25,26.03,150.78,0.0,463.18,29.61,-124.75,-463.18,617.54,6.0,0.0,13.0,396.0,"CAG Polavaram Performance Audit, Appendix 5.3",4.5216,479.2547,,,,,,,,,,,,,1.0,none,supervised_training,,,,,,,,,,,,,,,,,,,,,,,,,,,,,,,,,,,,,,,,,,,,,,,,,,,,,,,,,,,,,,,,,,,,,,,,,,,,,,,,,,,,,,,,,,,,,,,,,,,,,,,,,,,,
PIP_003,Polavaram Irrigation Project,Andhra Pradesh,Irrigation,Ganugulagondi-I,case,LP_schedule_to_PN,Elapsed time from LP Schedule year to Preliminary Notification,396.0,13.0,"CAG Polavaram Performance Audit, Appendix 5.3",Polavaram Appendix 5.3,2014.0,2015.0,149.1,71.92,3.31,25.72,0.0,1.07,77.18,-22.41,-1.07,100.66,6.0,0.0,13.0,396.0,"CAG Polavaram Performance Audit, Appendix 5.3",51.7639,677.0393,,,,,,,,,,,,,1.0,none,supervised_training,,,,,,,,,,,,,,,,,,,,,,,,,,,,,,,,,,,,,,,,,,,,,,,,,,,,,,,,,,,,,,,,,,,,,,,,,,,,,,,,,,,,,,,,,,,,,,,,,,,,,,,,,,,,
PIP_004,Polavaram Irrigation Project,Andhra Pradesh,Irrigation,Ch. Ramanayyapeta,case,LP_schedule_to_PN,Elapsed time from LP Schedule year to Preliminary Notification,457.0,15.0,"CAG Polavaram Performance Audit, Appendix 5.3",Polavaram Appendix 5.3,2007.0,2009.0,,,,,,,,,,0.0,0.0,6.0,15.0,457.0,"CAG Polavaram Performance Audit, Appendix 5.3",,,,,,,,,,,,,,,1.0,none,supervised_training,,,,,,,,,,,,,,,,,,,,,,,,,,,,,,,,,,,,,,,,,,,,,,,,,,,,,,,,,,,,,,,,,,,,,,,,,,,,,,,,,,,,,,,,,,,,,,,,,,,,,,,,,,,,
PIP_005,Polavaram Irrigation Project,Andhra Pradesh,Irrigation,Penikalapadi,case,LP_schedule_to_PN,Elapsed time from LP Schedule year to Preliminary Notification,457.0,15.0,"CAG Polavaram Performance Audit, Appendix 5.3",Polavaram Appendix 5.3,2008.0,2010.0,,,,,,,,,,0.0,0.0,6.0,15.0,457.0,"CAG Polavaram Performance Audit, Appendix 5.3",,,,,,,,,,,,,,,1.0,none,supervised_training,,,,,,,,,,,,,,,,,,,,,,,,,,,,,,,,,,,,,,,,,,,,,,,,,,,,,,,,,,,,,,,,,,,,,,,,,,,,,,,,,,,,,,,,,,,,,,,,,,,,,,,,,,,,
PIP_006,Polavaram Irrigation Project,Andhra Pradesh,Irrigation,Mulapadu,case,LP_schedule_to_PN,Elapsed time from LP Schedule year to Preliminary Notification,822.0,27.0,"CAG Polavaram Performance Audit, Appendix 5.3",Polavaram Appendix 5.3,2007.0,2009.0,,,,,,,,,,0.0,0.0,6.0,27.0,822.0,"CAG Polavaram Performance Audit, Appendix 5.3",,,,,,,,,,,,,,,1.0,none,supervised_training,,,,,,,,,,,,,,,,,,,,,,,,,,,,,,,,,,,,,,,,,,,,,,,,,,,,,,,,,,,,,,,,,,,,,,,,,,,,,,,,,,,,,,,,,,,,,,,,,,,,,,,,,,,,
PIP_007,Polavaram Irrigation Project,Andhra Pradesh,Irrigation,Toyyeru-II,case,LP_schedule_to_PN,Elapsed time from LP Schedule year to Preliminary Notification,822.0,27.0,"CAG Polavaram Performance Audit, Appendix 5.3",Polavaram Appendix 5.3,2007.0,2009.0,,,,,,,,,,0.0,0.0,6.0,27.0,822.0,"CAG Polavaram Performance Audit, Appendix 5.3",,,,,,,,,,,,,,,1.0,none,supervised_training,,,,,,,,,,,,,,,,,,,,,,,,,,,,,,,,,,,,,,,,,,,,,,,,,,,,,,,,,,,,,,,,,,,,,,,,,,,,,,,,,,,,,,,,,,,,,,,,,,,,,,,,,,,,
PIP_008,Polavaram Irrigation Project,Andhra Pradesh,Irrigation,Seetharam,case,LP_schedule_to_PN,Elapsed time from LP Schedule year to Preliminary Notification,1096.0,36.0,"CAG Polavaram Performance Audit, Appendix 5.3",Polavaram Appendix 5.3,2007.0,2010.0,,,,,,,,,,0.0,0.0,6.0,36.0,1096.0,"CAG Polavaram Performance Audit, Appendix 5.3",,,,,,,,,,,,,,,1.0,none,supervised_training,,,,,,,,,,,,,,,,,,,,,,,,,,,,,,,,,,,,,,,,,,,,,,,,,,,,,,,,,,,,,,,,,,,,,,,,,,,,,,,,,,,,,,,,,,,,,,,,,,,,,,,,,,,,
PIP_009,Polavaram Irrigation Project,Andhra Pradesh,Irrigation,Katchuluru,case,LP_schedule_to_PN,Elapsed time from LP Schedule year to Preliminary Notification,1096.0,36.0,"CAG Polavaram Performance Audit, Appendix 5.3",Polavaram Appendix 5.3,2007.0,2010.0,,,,,,,,,,0.0,0.0,6.0,36.0,1096.0,"CAG Polavaram Performance Audit, Appendix 5.3",,,,,,,,,,,,,,,1.0,none,supervised_training,,,,,,,,,,,,,,,,,,,,,,,,,,,,,,,,,,,,,,,,,,,,,,,,,,,,,,,,,,,,,,,,,,,,,,,,,,,,,,,,,,,,,,,,,,,,,,,,,,,,,,,,,,,,
PIP_010,Polavaram Irrigation Project,Andhra Pradesh,Irrigation,Kondrukota,case,LP_schedule_to_PN,Elapsed time from LP Schedule year to Preliminary Notification,1218.0,40.0,"CAG Polavaram Performance Audit, Appendix 5.3",Polavaram Appendix 5.3,2007.0,2010.0,1492.12,1303.64,92.43,,0.0,12.23,188.48,,-12.23,200.71,5.0,1.0,40.0,1218.0,"CAG Polavaram Performance Audit, Appendix 5.3",12.6317,,,,,,,,,,,,,,1.0,none,supervised_training,,,,,,,,,,,,,,,,,,,,,,,,,,,,,,,,,,,,,,,,,,,,,,,,,,,,,,,,,,,,,,,,,,,,,,,,,,,,,,,,,,,,,,,,,,,,,,,,,,,,,,,,,,,,
PIP_011,Polavaram Irrigation Project,Andhra Pradesh,Irrigation,Dandangi,case,LP_schedule_to_PN,Elapsed time from LP Schedule year to Preliminary Notification,1400.0,46.0,"CAG Polavaram Performance Audit, Appendix 5.3",Polavaram Appendix 5.3,2007.0,2010.0,,,,,,,,,,0.0,0.0,6.0,46.0,1400.0,"CAG Polavaram Performance Audit, Appendix 5.3",,,,,,,,,,,,,,,1.0,none,supervised_training,,,,,,,,,,,,,,,,,,,,,,,,,,,,,,,,,,,,,,,,,,,,,,,,,,,,,,,,,,,,,,,,,,,,,,,,,,,,,,,,,,,,,,,,,,,,,,,,,,,,,,,,,,,,
PIP_012,Polavaram Irrigation Project,Andhra Pradesh,Irrigation,Gangampalem,case,LP_schedule_to_PN,Elapsed time from LP Schedule year to Preliminary Notification,1826.0,60.0,"CAG Polavaram Performance Audit, Appendix 5.3",Polavaram Appendix 5.3,2007.0,2012.0,,,,,,,,,,0.0,0.0,6.0,60.0,1826.0,"CAG Polavaram Performance Audit, Appendix 5.3",,,,,,,,,,,,,,,1.0,none,supervised_training,,,,,,,,,,,,,,,,,,,,,,,,,,,,,,,,,,,,,,,,,,,,,,,,,,,,,,,,,,,,,,,,,,,,,,,,,,,,,,,,,,,,,,,,,,,,,,,,,,,,,,,,,,,,
PIP_013,Polavaram Irrigation Project,Andhra Pradesh,Irrigation,Thutigunta,case,LP_schedule_to_PN,Elapsed time from LP Schedule year to Preliminary Notification,2009.0,66.0,"CAG Polavaram Performance Audit, Appendix 5.3",Polavaram Appendix 5.3,2007.0,2013.0,465.86,472.49,149.11,89.87,0.0,30.94,-6.63,59.24,-30.94,96.81,6.0,0.0,66.0,2009.0,"CAG Polavaram Performance Audit, Appendix 5.3",1.4232,39.7291,,,,,,,,,,,,,1.0,none,supervised_training,,,,,,,,,,,,,,,,,,,,,,,,,,,,,,,,,,,,,,,,,,,,,,,,,,,,,,,,,,,,,,,,,,,,,,,,,,,,,,,,,,,,,,,,,,,,,,,,,,,,,,,,,,,,
PIP_014,Polavaram Irrigation Project,Andhra Pradesh,Irrigation,Kondamodalu,case,LP_schedule_to_PN,Elapsed time from LP Schedule year to Preliminary Notification,2283.0,75.0,"CAG Polavaram Performance Audit, Appendix 5.3",Polavaram Appendix 5.3,2009.0,2013.0,,,,,,,,,,0.0,0.0,6.0,75.0,2283.0,"CAG Polavaram Performance Audit, Appendix 5.3",,,,,,,,,,,,,,,1.0,none,supervised_training,,,,,,,,,,,,,,,,,,,,,,,,,,,,,,,,,,,,,,,,,,,,,,,,,,,,,,,,,,,,,,,,,,,,,,,,,,,,,,,,,,,,,,,,,,,,,,,,,,,,,,,,,,,,
PIP_015,Polavaram Irrigation Project,Andhra Pradesh,Irrigation,Sivagiri,case,LP_schedule_to_PN,Elapsed time from LP Schedule year to Preliminary Notification,2405.0,79.0,"CAG Polavaram Performance Audit, Appendix 5.3",Polavaram Appendix 5.3,2007.0,2013.0,212.93,224.93,111.19,,0.0,,-12.0,,,12.0,4.0,2.0,79.0,2405.0,"CAG Polavaram Performance Audit, Appendix 5.3",5.6357,,,,,,,,,,,,,,1.0,none,supervised_training,,,,,,,,,,,,,,,,,,,,,,,,,,,,,,,,,,,,,,,,,,,,,,,,,,,,,,,,,,,,,,,,,,,,,,,,,,,,,,,,,,,,,,,,,,,,,,,,,,,,,,,,,,,,
PIP_016,Polavaram Irrigation Project,Andhra Pradesh,Irrigation,Yerravaram,case,LP_schedule_to_PN,Elapsed time from LP Schedule year to Preliminary Notification,2709.0,89.0,"CAG Polavaram Performance Audit, Appendix 5.3",Polavaram Appendix 5.3,2007.0,2015.0,465.86,472.49,149.11,89.87,0.0,30.94,-6.63,59.24,-30.94,96.81,6.0,0.0,89.0,2709.0,"CAG Polavaram Performance Audit, Appendix 5.3",1.4232,39.7291,,,,,,,,,,,,,1.0,none,supervised_training,,,,,,,,,,,,,,,,,,,,,,,,,,,,,,,,,,,,,,,,,,,,,,,,,,,,,,,,,,,,,,,,,,,,,,,,,,,,,,,,,,,,,,,,,,,,,,,,,,,,,,,,,,,,
PIP_017,Polavaram Irrigation Project,Andhra Pradesh,Irrigation,Telladibbalu,case,LP_schedule_to_PN,Elapsed time from LP Schedule year to Preliminary Notification,2800.0,92.0,"CAG Polavaram Performance Audit, Appendix 5.3",Polavaram Appendix 5.3,2007.0,2013.0,32.43,33.33,109.3,,0.0,,-0.9,,,0.9,4.0,2.0,92.0,2800.0,"CAG Polavaram Performance Audit, Appendix 5.3",2.7752,,,,,,,,,,,,,,1.0,none,supervised_training,,,,,,,,,,,,,,,,,,,,,,,,,,,,,,,,,,,,,,,,,,,,,,,,,,,,,,,,,,,,,,,,,,,,,,,,,,,,,,,,,,,,,,,,,,,,,,,,,,,,,,,,,,,,
PIP_018,Polavaram Irrigation Project,Andhra Pradesh,Irrigation,Manturu-I,case,LP_schedule_to_PN,Elapsed time from LP Schedule year to Preliminary Notification,2831.0,93.0,"CAG Polavaram Performance Audit, Appendix 5.3",Polavaram Appendix 5.3,2008.0,2010.0,1159.79,746.29,150.2,211.17,0.0,9.6,413.5,-60.97,-9.6,484.07,6.0,0.0,93.0,2831.0,"CAG Polavaram Performance Audit, Appendix 5.3",35.653,40.5925,,,,,,,,,,,,,1.0,none,supervised_training,,,,,,,,,,,,,,,,,,,,,,,,,,,,,,,,,,,,,,,,,,,,,,,,,,,,,,,,,,,,,,,,,,,,,,,,,,,,,,,,,,,,,,,,,,,,,,,,,,,,,,,,,,,,
PIP_019,Polavaram Irrigation Project,Andhra Pradesh,Irrigation,Mettaveedhi,case,LP_schedule_to_PN,Elapsed time from LP Schedule year to Preliminary Notification,2983.0,98.0,"CAG Polavaram Performance Audit, Appendix 5.3",Polavaram Appendix 5.3,2008.0,2016.0,,,,,,,,,,0.0,0.0,6.0,98.0,2983.0,"CAG Polavaram Performance Audit, Appendix 5.3",,,,,,,,,,,,,,,1.0,none,supervised_training,,,,,,,,,,,,,,,,,,,,,,,,,,,,,,,,,,,,,,,,,,,,,,,,,,,,,,,,,,,,,,,,,,,,,,,,,,,,,,,,,,,,,,,,,,,,,,,,,,,,,,,,,,,,
PIP_020,Polavaram Irrigation Project,Andhra Pradesh,Irrigation,Madipalli,case,LP_schedule_to_PN,Elapsed time from LP Schedule year to Preliminary Notification,3013.0,99.0,"CAG Polavaram Performance Audit, Appendix 5.3",Polavaram Appendix 5.3,2008.0,2016.0,1159.79,746.29,150.2,211.17,0.0,9.6,413.5,-60.97,-9.6,484.07,6.0,0.0,99.0,3013.0,"CAG Polavaram Performance Audit, Appendix 5.3",35.653,40.5925,,,,,,,,,,,,,1.0,none,supervised_training,,,,,,,,,,,,,,,,,,,,,,,,,,,,,,,,,,,,,,,,,,,,,,,,,,,,,,,,,,,,,,,,,,,,,,,,,,,,,,,,,,,,,,,,,,,,,,,,,,,,,,,,,,,,
OD_LM_3_1_001,Odisha Scheduled Areas Land Management,Odisha,Land Acquisition,Ambaguda,case,SIA_notification_to_PN,Elapsed time from SIA notification to Preliminary Notification,743.0,24.4107,"CAG Odisha Report No. 4 of 2024, Appendix 3.1",Land acquisition case where Gram Sabha meeting was conducted without required quorum,,,,,,,,,,,,,,,,,,,,,27.682,2020-06-05,2022-06-18,2022-05-27,1227.0,26.0,2.12,,,,,1.0,none,supervised_training,,,,,,,,,,,,,,,,,,,,,,,,,,,,,,,,,,,,,,,,,,,,,,,,,,,,,,,,,,,,,,,,,,,,,,,,,,,,,,,,,,,,,,,,,,,,,,,,,,,,,,,,,,,,
OD_LM_3_1_002,Odisha Scheduled Areas Land Management,Odisha,Land Acquisition,Badakaudi,case,SIA_notification_to_PN,Elapsed time from SIA notification to Preliminary Notification,743.0,24.4107,"CAG Odisha Report No. 4 of 2024, Appendix 3.1",Land acquisition case where Gram Sabha meeting was conducted without required quorum,,,,,,,,,,,,,,,,,,,,,24.421,2020-06-05,2022-06-18,2022-05-26,375.0,33.0,8.8,,,,,1.0,none,supervised_training,,,,,,,,,,,,,,,,,,,,,,,,,,,,,,,,,,,,,,,,,,,,,,,,,,,,,,,,,,,,,,,,,,,,,,,,,,,,,,,,,,,,,,,,,,,,,,,,,,,,,,,,,,,,
OD_LM_3_1_003,Odisha Scheduled Areas Land Management,Odisha,Land Acquisition,Ekamba,case,SIA_notification_to_PN,Elapsed time from SIA notification to Preliminary Notification,743.0,24.4107,"CAG Odisha Report No. 4 of 2024, Appendix 3.1",Land acquisition case where Gram Sabha meeting was conducted without required quorum,,,,,,,,,,,,,,,,,,,,,24.723,2020-06-05,2022-06-18,2022-03-28,1038.0,17.0,1.64,,,,,1.0,none,supervised_training,,,,,,,,,,,,,,,,,,,,,,,,,,,,,,,,,,,,,,,,,,,,,,,,,,,,,,,,,,,,,,,,,,,,,,,,,,,,,,,,,,,,,,,,,,,,,,,,,,,,,,,,,,,,
OD_LM_3_1_004,Odisha Scheduled Areas Land Management,Odisha,Land Acquisition,Hadapa,case,SIA_notification_to_PN,Elapsed time from SIA notification to Preliminary Notification,743.0,24.4107,"CAG Odisha Report No. 4 of 2024, Appendix 3.1",Land acquisition case where Gram Sabha meeting was conducted without required quorum,,,,,,,,,,,,,,,,,,,,,6.206,2020-06-05,2022-06-18,2022-05-27,492.0,11.0,2.24,,,,,1.0,none,supervised_training,,,,,,,,,,,,,,,,,,,,,,,,,,,,,,,,,,,,,,,,,,,,,,,,,,,,,,,,,,,,,,,,,,,,,,,,,,,,,,,,,,,,,,,,,,,,,,,,,,,,,,,,,,,,
OD_LM_3_1_005,Odisha Scheduled Areas Land Management,Odisha,Land Acquisition,Jayantigiri,case,SIA_notification_to_PN,Elapsed time from SIA notification to Preliminary Notification,782.0,25.692,"CAG Odisha Report No. 4 of 2024, Appendix 3.1",Land acquisition case where Gram Sabha meeting was conducted without required quorum,,,,,,,,,,,,,,,,,,,,,103.181,2020-06-05,2022-07-27,2022-07-27,657.0,16.0,2.44,,,,,1.0,none,supervised_training,,,,,,,,,,,,,,,,,,,,,,,,,,,,,,,,,,,,,,,,,,,,,,,,,,,,,,,,,,,,,,,,,,,,,,,,,,,,,,,,,,,,,,,,,,,,,,,,,,,,,,,,,,,,
OD_LM_3_1_006,Odisha Scheduled Areas Land Management,Odisha,Land Acquisition,Majurmunda,case,SIA_notification_to_PN,Elapsed time from SIA notification to Preliminary Notification,743.0,24.4107,"CAG Odisha Report No. 4 of 2024, Appendix 3.1",Land acquisition case where Gram Sabha meeting was conducted without required quorum,,,,,,,,,,,,,,,,,,,,,5.725,2020-06-05,2022-06-18,2022-05-27,1315.0,4.0,0.3,,,,,1.0,none,supervised_training,,,,,,,,,,,,,,,,,,,,,,,,,,,,,,,,,,,,,,,,,,,,,,,,,,,,,,,,,,,,,,,,,,,,,,,,,,,,,,,,,,,,,,,,,,,,,,,,,,,,,,,,,,,,
OD_LM_3_1_007,Odisha Scheduled Areas Land Management,Odisha,Land Acquisition,Anchala,case,SIA_notification_to_PN,Elapsed time from SIA notification to Preliminary Notification,743.0,24.4107,"CAG Odisha Report No. 4 of 2024, Appendix 3.1",Land acquisition case where Gram Sabha meeting was conducted without required quorum,,,,,,,,,,,,,,,,,,,,,22.523,2020-06-05,2022-06-18,2022-05-27,890.0,21.0,2.36,,,,,1.0,none,supervised_training,,,,,,,,,,,,,,,,,,,,,,,,,,,,,,,,,,,,,,,,,,,,,,,,,,,,,,,,,,,,,,,,,,,,,,,,,,,,,,,,,,,,,,,,,,,,,,,,,,,,,,,,,,,,
OD_LM_3_1_008,Odisha Scheduled Areas Land Management,Odisha,Land Acquisition,Aunli,case,SIA_notification_to_PN,Elapsed time from SIA notification to Preliminary Notification,743.0,24.4107,"CAG Odisha Report No. 4 of 2024, Appendix 3.1",Land acquisition case where Gram Sabha meeting was conducted without required quorum,,,,,,,,,,,,,,,,,,,,,19.439,2020-06-05,2022-06-18,,1116.0,17.0,1.52,,,,,1.0,none,supervised_training,,,,,,,,,,,,,,,,,,,,,,,,,,,,,,,,,,,,,,,,,,,,,,,,,,,,,,,,,,,,,,,,,,,,,,,,,,,,,,,,,,,,,,,,,,,,,,,,,,,,,,,,,,,,
OD_LM_3_1_009,Odisha Scheduled Areas Land Management,Odisha,Land Acquisition,Kamara,case,SIA_notification_to_PN,Elapsed time from SIA notification to Preliminary Notification,743.0,24.4107,"CAG Odisha Report No. 4 of 2024, Appendix 3.1",Land acquisition case where Gram Sabha meeting was conducted without required quorum,,,,,,,,,,,,,,,,,,,,,14.69,2020-06-05,2022-06-18,,580.0,16.0,2.76,,,,,1.0,none,supervised_training,,,,,,,,,,,,,,,,,,,,,,,,,,,,,,,,,,,,,,,,,,,,,,,,,,,,,,,,,,,,,,,,,,,,,,,,,,,,,,,,,,,,,,,,,,,,,,,,,,,,,,,,,,,,
OD_LM_3_1_010,Odisha Scheduled Areas Land Management,Odisha,Land Acquisition,Majhia,case,SIA_notification_to_PN,Elapsed time from SIA notification to Preliminary Notification,743.0,24.4107,"CAG Odisha Report No. 4 of 2024, Appendix 3.1",Land acquisition case where Gram Sabha meeting was conducted without required quorum,,,,,,,,,,,,,,,,,,,,,26.563,2020-06-05,2022-06-18,,338.0,7.0,2.07,,,,,1.0,none,supervised_training,,,,,,,,,,,,,,,,,,,,,,,,,,,,,,,,,,,,,,,,,,,,,,,,,,,,,,,,,,,,,,,,,,,,,,,,,,,,,,,,,,,,,,,,,,,,,,,,,,,,,,,,,,,,
OD_LM_3_1_011,Odisha Scheduled Areas Land Management,Odisha,Land Acquisition,Parli,case,SIA_notification_to_PN,Elapsed time from SIA notification to Preliminary Notification,743.0,24.4107,"CAG Odisha Report No. 4 of 2024, Appendix 3.1",Land acquisition case where Gram Sabha meeting was conducted without required quorum,,,,,,,,,,,,,,,,,,,,,7.938,2020-06-05,2022-06-18,,478.0,13.0,2.72,,,,,1.0,none,supervised_training,,,,,,,,,,,,,,,,,,,,,,,,,,,,,,,,,,,,,,,,,,,,,,,,,,,,,,,,,,,,,,,,,,,,,,,,,,,,,,,,,,,,,,,,,,,,,,,,,,,,,,,,,,,,
OD_LM_3_1_012,Odisha Scheduled Areas Land Management,Odisha,Land Acquisition,Barlahandi,case,SIA_notification_to_PN,Elapsed time from SIA notification to Preliminary Notification,724.0,23.7864,"CAG Odisha Report No. 4 of 2024, Appendix 3.1",Land acquisition case where Gram Sabha meeting was conducted without required quorum,,,,,,,,,,,,,,,,,,,,,56.48,2020-06-24,2022-06-18,2022-05-28,422.0,33.0,7.82,,,,,1.0,none,supervised_training,,,,,,,,,,,,,,,,,,,,,,,,,,,,,,,,,,,,,,,,,,,,,,,,,,,,,,,,,,,,,,,,,,,,,,,,,,,,,,,,,,,,,,,,,,,,,,,,,,,,,,,,,,,,
OD_LM_3_1_013,Odisha Scheduled Areas Land Management,Odisha,Land Acquisition,Ekamba,case,SIA_notification_to_PN,Elapsed time from SIA notification to Preliminary Notification,724.0,23.7864,"CAG Odisha Report No. 4 of 2024, Appendix 3.1",Land acquisition case where Gram Sabha meeting was conducted without required quorum,,,,,,,,,,,,,,,,,,,,,12.69,2020-06-24,2022-06-18,2022-05-26,1038.0,14.0,1.35,,,,,1.0,none,supervised_training,,,,,,,,,,,,,,,,,,,,,,,,,,,,,,,,,,,,,,,,,,,,,,,,,,,,,,,,,,,,,,,,,,,,,,,,,,,,,,,,,,,,,,,,,,,,,,,,,,,,,,,,,,,,
OD_LM_3_1_014,Odisha Scheduled Areas Land Management,Odisha,Land Acquisition,Kakarahandi,case,SIA_notification_to_PN,Elapsed time from SIA notification to Preliminary Notification,724.0,23.7864,"CAG Odisha Report No. 4 of 2024, Appendix 3.1",Land acquisition case where Gram Sabha meeting was conducted without required quorum,,,,,,,,,,,,,,,,,,,,,51.656,2020-06-24,2022-06-18,2022-05-28,592.0,10.0,1.69,,,,,1.0,none,supervised_training,,,,,,,,,,,,,,,,,,,,,,,,,,,,,,,,,,,,,,,,,,,,,,,,,,,,,,,,,,,,,,,,,,,,,,,,,,,,,,,,,,,,,,,,,,,,,,,,,,,,,,,,,,,,
OD_LM_3_1_015,Odisha Scheduled Areas Land Management,Odisha,Land Acquisition,Phampuni,case,SIA_notification_to_PN,Elapsed time from SIA notification to Preliminary Notification,724.0,23.7864,"CAG Odisha Report No. 4 of 2024, Appendix 3.1",Land acquisition case where Gram Sabha meeting was conducted without required quorum,,,,,,,,,,,,,,,,,,,,,22.982,2020-06-24,2022-06-18,2022-05-28,2257.0,32.0,1.42,,,,,1.0,none,supervised_training,,,,,,,,,,,,,,,,,,,,,,,,,,,,,,,,,,,,,,,,,,,,,,,,,,,,,,,,,,,,,,,,,,,,,,,,,,,,,,,,,,,,,,,,,,,,,,,,,,,,,,,,,,,,
OD_LM_3_1_016,Odisha Scheduled Areas Land Management,Odisha,Land Acquisition,Digapur,case,SIA_notification_to_PN,Elapsed time from SIA notification to Preliminary Notification,686.0,22.538,"CAG Odisha Report No. 4 of 2024, Appendix 3.1",Land acquisition case where Gram Sabha meeting was conducted without required quorum,,,,,,,,,,,,,,,,,,,,,22.065,2020-06-24,2022-05-11,2022-05-02,628.0,8.0,1.27,,,,,1.0,none,supervised_training,,,,,,,,,,,,,,,,,,,,,,,,,,,,,,,,,,,,,,,,,,,,,,,,,,,,,,,,,,,,,,,,,,,,,,,,,,,,,,,,,,,,,,,,,,,,,,,,,,,,,,,,,,,,
OD_LM_3_1_017,Odisha Scheduled Areas Land Management,Odisha,Land Acquisition,Ghosharla,case,SIA_notification_to_PN,Elapsed time from SIA notification to Preliminary Notification,686.0,22.538,"CAG Odisha Report No. 4 of 2024, Appendix 3.1",Land acquisition case where Gram Sabha meeting was conducted without required quorum,,,,,,,,,,,,,,,,,,,,,3.632,2020-06-24,2022-05-11,2022-05-02,495.0,2.0,0.4,,,,,1.0,none,supervised_training,,,,,,,,,,,,,,,,,,,,,,,,,,,,,,,,,,,,,,,,,,,,,,,,,,,,,,,,,,,,,,,,,,,,,,,,,,,,,,,,,,,,,,,,,,,,,,,,,,,,,,,,,,,,
OD_LM_3_1_018,Odisha Scheduled Areas Land Management,Odisha,Land Acquisition,Ghumar,case,SIA_notification_to_PN,Elapsed time from SIA notification to Preliminary Notification,686.0,22.538,"CAG Odisha Report No. 4 of 2024, Appendix 3.1",Land acquisition case where Gram Sabha meeting was conducted without required quorum,,,,,,,,,,,,,,,,,,,,,30.466,2020-06-24,2022-05-11,2022-04-14,757.0,42.0,5.55,,,,,1.0,none,supervised_training,,,,,,,,,,,,,,,,,,,,,,,,,,,,,,,,,,,,,,,,,,,,,,,,,,,,,,,,,,,,,,,,,,,,,,,,,,,,,,,,,,,,,,,,,,,,,,,,,,,,,,,,,,,,
OD_LM_3_1_019,Odisha Scheduled Areas Land Management,Odisha,Land Acquisition,Khilaput,case,SIA_notification_to_PN,Elapsed time from SIA notification to Preliminary Notification,686.0,22.538,"CAG Odisha Report No. 4 of 2024, Appendix 3.1",Land acquisition case where Gram Sabha meeting was conducted without required quorum,,,,,,,,,,,,,,,,,,,,,8.985,2020-06-24,2022-05-11,2022-05-21,495.0,9.0,1.82,,,,,1.0,none,supervised_training,,,,,,,,,,,,,,,,,,,,,,,,,,,,,,,,,,,,,,,,,,,,,,,,,,,,,,,,,,,,,,,,,,,,,,,,,,,,,,,,,,,,,,,,,,,,,,,,,,,,,,,,,,,,
OD_LM_3_1_020,Odisha Scheduled Areas Land Management,Odisha,Land Acquisition,Mundiguda,case,SIA_notification_to_PN,Elapsed time from SIA notification to Preliminary Notification,686.0,22.538,"CAG Odisha Report No. 4 of 2024, Appendix 3.1",Land acquisition case where Gram Sabha meeting was conducted without required quorum,,,,,,,,,,,,,,,,,,,,,12.567,2020-06-24,2022-05-11,2022-04-12,112.0,9.0,8.04,,,,,1.0,none,supervised_training,,,,,,,,,,,,,,,,,,,,,,,,,,,,,,,,,,,,,,,,,,,,,,,,,,,,,,,,,,,,,,,,,,,,,,,,,,,,,,,,,,,,,,,,,,,,,,,,,,,,,,,,,,,,
OD_LM_3_1_021,Odisha Scheduled Areas Land Management,Odisha,Land Acquisition,Pradhaniput,case,SIA_notification_to_PN,Elapsed time from SIA notification to Preliminary Notification,686.0,22.538,"CAG Odisha Report No. 4 of 2024, Appendix 3.1",Land acquisition case where Gram Sabha meeting was conducted without required quorum,,,,,,,,,,,,,,,,,,,,,9.923,2020-06-24,2022-05-11,2022-05-02,373.0,18.0,4.83,,,,,1.0,none,supervised_training,,,,,,,,,,,,,,,,,,,,,,,,,,,,,,,,,,,,,,,,,,,,,,,,,,,,,,,,,,,,,,,,,,,,,,,,,,,,,,,,,,,,,,,,,,,,,,,,,,,,,,,,,,,,
OD_LM_3_1_022,Odisha Scheduled Areas Land Management,Odisha,Land Acquisition,Bageraguda,case,SIA_notification_to_PN,Elapsed time from SIA notification to Preliminary Notification,686.0,22.538,"CAG Odisha Report No. 4 of 2024, Appendix 3.1",Land acquisition case where Gram Sabha meeting was conducted without required quorum,,,,,,,,,,,,,,,,,,,,,5.681,2020-06-24,2022-05-11,2022-04-25,309.0,6.0,1.94,,,,,1.0,none,supervised_training,,,,,,,,,,,,,,,,,,,,,,,,,,,,,,,,,,,,,,,,,,,,,,,,,,,,,,,,,,,,,,,,,,,,,,,,,,,,,,,,,,,,,,,,,,,,,,,,,,,,,,,,,,,,
OD_LM_3_1_023,Odisha Scheduled Areas Land Management,Odisha,Land Acquisition,Goudaguda,case,SIA_notification_to_PN,Elapsed time from SIA notification to Preliminary Notification,686.0,22.538,"CAG Odisha Report No. 4 of 2024, Appendix 3.1",Land acquisition case where Gram Sabha meeting was conducted without required quorum,,,,,,,,,,,,,,,,,,,,,28.084,2020-06-24,2022-05-11,2022-04-25,137.0,11.0,8.03,,,,,1.0,none,supervised_training,,,,,,,,,,,,,,,,,,,,,,,,,,,,,,,,,,,,,,,,,,,,,,,,,,,,,,,,,,,,,,,,,,,,,,,,,,,,,,,,,,,,,,,,,,,,,,,,,,,,,,,,,,,,
OD_LM_3_1_024,Odisha Scheduled Areas Land Management,Odisha,Land Acquisition,Mahantaput-I,case,SIA_notification_to_PN,Elapsed time from SIA notification to Preliminary Notification,686.0,22.538,"CAG Odisha Report No. 4 of 2024, Appendix 3.1",Land acquisition case where Gram Sabha meeting was conducted without required quorum,,,,,,,,,,,,,,,,,,,,,2.417,2020-06-24,2022-05-11,,534.0,26.0,4.87,,,,,1.0,none,supervised_training,,,,,,,,,,,,,,,,,,,,,,,,,,,,,,,,,,,,,,,,,,,,,,,,,,,,,,,,,,,,,,,,,,,,,,,,,,,,,,,,,,,,,,,,,,,,,,,,,,,,,,,,,,,,
OD_LM_3_2_001,Odisha Scheduled Areas Land Management,Odisha,Land Acquisition,41/18 Bhedabahal,case,PN_to_award,Elapsed time from Preliminary Notification to compensation award,299.0,9.8234,"CAG Odisha Report No. 4 of 2024, Appendix 3.2",Preliminary notification issued disregarding the views of Gram Sabha,,,,,,,,,,,,,,,,,,,,,26.15,,2019-05-10,2015-07-24,,,,2020-03-04,Opposed,,,1.0,none,supervised_training,,,,,,,,,,,,,,,,,,,,,,,,,,,,,,,,,,,,,,,,,,,,,,,,,,,,,,,,,,,,,,,,,,,,,,,,,,,,,,,,,,,,,,,,,,,,,,,,,,,,,,,,,,,,
OD_LM_3_2_002,Odisha Scheduled Areas Land Management,Odisha,Land Acquisition,60/20 Kukuda,case,PN_to_award,Elapsed time from Preliminary Notification to compensation award,170.0,5.5852,"CAG Odisha Report No. 4 of 2024, Appendix 3.2",Preliminary notification issued disregarding the views of Gram Sabha,,,,,,,,,,,,,,,,,,,,,233.0,,2021-07-06,2020-01-26,,,,2021-12-23,Opposed,,,1.0,none,supervised_training,,,,,,,,,,,,,,,,,,,,,,,,,,,,,,,,,,,,,,,,,,,,,,,,,,,,,,,,,,,,,,,,,,,,,,,,,,,,,,,,,,,,,,,,,,,,,,,,,,,,,,,,,,,,
OD_LM_3_2_003,Odisha Scheduled Areas Land Management,Odisha,Land Acquisition,61/20 Bihabandh,case,PN_to_award,Elapsed time from Preliminary Notification to compensation award,183.0,6.0123,"CAG Odisha Report No. 4 of 2024, Appendix 3.2",Preliminary notification issued disregarding the views of Gram Sabha,,,,,,,,,,,,,,,,,,,,,9.22,,2021-07-06,2020-01-26,,,,2022-01-05,Opposed,,,1.0,none,supervised_training,,,,,,,,,,,,,,,,,,,,,,,,,,,,,,,,,,,,,,,,,,,,,,,,,,,,,,,,,,,,,,,,,,,,,,,,,,,,,,,,,,,,,,,,,,,,,,,,,,,,,,,,,,,,
OD_LM_3_2_004,Odisha Scheduled Areas Land Management,Odisha,Land Acquisition,62/20 Lanjiberna,case,PN_to_award,Elapsed time from Preliminary Notification to compensation award,183.0,6.0123,"CAG Odisha Report No. 4 of 2024, Appendix 3.2",Preliminary notification issued disregarding the views of Gram Sabha,,,,,,,,,,,,,,,,,,,,,27.26,,2021-07-06,2020-01-26,,,,2022-01-05,Opposed,,,1.0,none,supervised_training,,,,,,,,,,,,,,,,,,,,,,,,,,,,,,,,,,,,,,,,,,,,,,,,,,,,,,,,,,,,,,,,,,,,,,,,,,,,,,,,,,,,,,,,,,,,,,,,,,,,,,,,,,,,
OD_LM_3_2_005,Odisha Scheduled Areas Land Management,Odisha,Land Acquisition,24/18 Sareikela,case,PN_to_award,Elapsed time from Preliminary Notification to compensation award,375.0,12.3203,"CAG Odisha Report No. 4 of 2024, Appendix 3.2",Preliminary notification issued disregarding the views of Gram Sabha,,,,,,,,,,,,,,,,,,,,,0.37,,2019-05-10,2015-08-27,,,,2020-05-19,No consensus,,,1.0,none,supervised_training,,,,,,,,,,,,,,,,,,,,,,,,,,,,,,,,,,,,,,,,,,,,,,,,,,,,,,,,,,,,,,,,,,,,,,,,,,,,,,,,,,,,,,,,,,,,,,,,,,,,,,,,,,,,
OD_LM_3_2_006,Odisha Scheduled Areas Land Management,Odisha,Land Acquisition,25/18 Bandhpali,case,PN_to_award,Elapsed time from Preliminary Notification to compensation award,510.0,16.7556,"CAG Odisha Report No. 4 of 2024, Appendix 3.2",Preliminary notification issued disregarding the views of Gram Sabha,,,,,,,,,,,,,,,,,,,,,0.41,,2019-05-10,2015-08-27,,,,2020-10-01,No consensus,,,1.0,none,supervised_training,,,,,,,,,,,,,,,,,,,,,,,,,,,,,,,,,,,,,,,,,,,,,,,,,,,,,,,,,,,,,,,,,,,,,,,,,,,,,,,,,,,,,,,,,,,,,,,,,,,,,,,,,,,,
OD_LM_3_2_007,Odisha Scheduled Areas Land Management,Odisha,Land Acquisition,36/18 Surda,case,PN_to_award,Elapsed time from Preliminary Notification to compensation award,466.0,15.3101,"CAG Odisha Report No. 4 of 2024, Appendix 3.2",Preliminary notification issued disregarding the views of Gram Sabha,,,,,,,,,,,,,,,,,,,,,16.17,,2019-05-10,2015-08-28,,,,2020-08-18,No consensus,,,1.0,none,supervised_training,,,,,,,,,,,,,,,,,,,,,,,,,,,,,,,,,,,,,,,,,,,,,,,,,,,,,,,,,,,,,,,,,,,,,,,,,,,,,,,,,,,,,,,,,,,,,,,,,,,,,,,,,,,,
OD_LM_3_2_008,Odisha Scheduled Areas Land Management,Odisha,Land Acquisition,37/18 Nialipali,case,PN_to_award,Elapsed time from Preliminary Notification to compensation award,468.0,15.3758,"CAG Odisha Report No. 4 of 2024, Appendix 3.2",Preliminary notification issued disregarding the views of Gram Sabha,,,,,,,,,,,,,,,,,,,,,1.07,,2019-05-10,2018-04-26,,,,2020-08-20,No consensus,,,1.0,none,supervised_training,,,,,,,,,,,,,,,,,,,,,,,,,,,,,,,,,,,,,,,,,,,,,,,,,,,,,,,,,,,,,,,,,,,,,,,,,,,,,,,,,,,,,,,,,,,,,,,,,,,,,,,,,,,,
OD_LM_3_2_009,Odisha Scheduled Areas Land Management,Odisha,Land Acquisition,38/18 Jhimermahul,case,PN_to_award,Elapsed time from Preliminary Notification to compensation award,479.0,15.7372,"CAG Odisha Report No. 4 of 2024, Appendix 3.2",Preliminary notification issued disregarding the views of Gram Sabha,,,,,,,,,,,,,,,,,,,,,17.14,,2019-05-10,2015-09-09,,,,2020-08-31,No consensus,,,1.0,none,supervised_training,,,,,,,,,,,,,,,,,,,,,,,,,,,,,,,,,,,,,,,,,,,,,,,,,,,,,,,,,,,,,,,,,,,,,,,,,,,,,,,,,,,,,,,,,,,,,,,,,,,,,,,,,,,,
OD_LM_3_2_010,Odisha Scheduled Areas Land Management,Odisha,Land Acquisition,53/18 Chabiri,case,PN_to_award,Elapsed time from Preliminary Notification to compensation award,260.0,8.5421,"CAG Odisha Report No. 4 of 2024, Appendix 3.2",Preliminary notification issued disregarding the views of Gram Sabha,,,,,,,,,,,,,,,,,,,,,1.89,,2020-06-22,2018-07-30,,,,2021-03-09,No consensus,,,1.0,none,supervised_training,,,,,,,,,,,,,,,,,,,,,,,,,,,,,,,,,,,,,,,,,,,,,,,,,,,,,,,,,,,,,,,,,,,,,,,,,,,,,,,,,,,,,,,,,,,,,,,,,,,,,,,,,,,,
OD_LM_3_2_011,Odisha Scheduled Areas Land Management,Odisha,Land Acquisition,02/17 Kalamegha,case,PN_to_award,Elapsed time from Preliminary Notification to compensation award,356.0,11.6961,"CAG Odisha Report No. 4 of 2024, Appendix 3.2",Preliminary notification issued disregarding the views of Gram Sabha,,,,,,,,,,,,,,,,,,,,,3.95,,2018-03-06,2018-01-17,,,,2019-02-25,Conditional support,,,1.0,none,supervised_training,,,,,,,,,,,,,,,,,,,,,,,,,,,,,,,,,,,,,,,,,,,,,,,,,,,,,,,,,,,,,,,,,,,,,,,,,,,,,,,,,,,,,,,,,,,,,,,,,,,,,,,,,,,,
OD_LM_3_2_012,Odisha Scheduled Areas Land Management,Odisha,Land Acquisition,03/17 Laikera,case,PN_to_award,Elapsed time from Preliminary Notification to compensation award,356.0,11.6961,"CAG Odisha Report No. 4 of 2024, Appendix 3.2",Preliminary notification issued disregarding the views of Gram Sabha,,,,,,,,,,,,,,,,,,,,,3.25,,2018-03-06,2016-11-09,,,,2019-02-25,Conditional support,,,1.0,none,supervised_training,,,,,,,,,,,,,,,,,,,,,,,,,,,,,,,,,,,,,,,,,,,,,,,,,,,,,,,,,,,,,,,,,,,,,,,,,,,,,,,,,,,,,,,,,,,,,,,,,,,,,,,,,,,,
OD_LM_3_2_013,Odisha Scheduled Areas Land Management,Odisha,Land Acquisition,04/17 Chuabahal,case,PN_to_award,Elapsed time from Preliminary Notification to compensation award,356.0,11.6961,"CAG Odisha Report No. 4 of 2024, Appendix 3.2",Preliminary notification issued disregarding the views of Gram Sabha,,,,,,,,,,,,,,,,,,,,,18.12,,2018-03-06,2018-01-16,,,,2019-02-25,Conditional support,,,1.0,none,supervised_training,,,,,,,,,,,,,,,,,,,,,,,,,,,,,,,,,,,,,,,,,,,,,,,,,,,,,,,,,,,,,,,,,,,,,,,,,,,,,,,,,,,,,,,,,,,,,,,,,,,,,,,,,,,,
OD_LM_3_2_014,Odisha Scheduled Areas Land Management,Odisha,Land Acquisition,05/17 Kanaktora,case,PN_to_award,Elapsed time from Preliminary Notification to compensation award,356.0,11.6961,"CAG Odisha Report No. 4 of 2024, Appendix 3.2",Preliminary notification issued disregarding the views of Gram Sabha,,,,,,,,,,,,,,,,,,,,,20.17,,2018-03-06,2018-01-16,,,,2019-02-25,Conditional support,,,1.0,none,supervised_training,,,,,,,,,,,,,,,,,,,,,,,,,,,,,,,,,,,,,,,,,,,,,,,,,,,,,,,,,,,,,,,,,,,,,,,,,,,,,,,,,,,,,,,,,,,,,,,,,,,,,,,,,,,,
OD_LM_3_2_015,Odisha Scheduled Areas Land Management,Odisha,Land Acquisition,26/18 Duduka,case,PN_to_award,Elapsed time from Preliminary Notification to compensation award,560.0,18.3984,"CAG Odisha Report No. 4 of 2024, Appendix 3.2",Preliminary notification issued disregarding the views of Gram Sabha,,,,,,,,,,,,,,,,,,,,,6.21,,2019-05-10,2015-08-25,,,,2020-11-20,Conditional support,,,1.0,none,supervised_training,,,,,,,,,,,,,,,,,,,,,,,,,,,,,,,,,,,,,,,,,,,,,,,,,,,,,,,,,,,,,,,,,,,,,,,,,,,,,,,,,,,,,,,,,,,,,,,,,,,,,,,,,,,,
OD_LM_3_2_016,Odisha Scheduled Areas Land Management,Odisha,Land Acquisition,28/18 Barpali,case,PN_to_award,Elapsed time from Preliminary Notification to compensation award,593.0,19.4825,"CAG Odisha Report No. 4 of 2024, Appendix 3.2",Preliminary notification issued disregarding the views of Gram Sabha,,,,,,,,,,,,,,,,,,,,,2.91,,2019-05-10,2018-05-03,,,,2020-12-23,Conditional support,,,1.0,none,supervised_training,,,,,,,,,,,,,,,,,,,,,,,,,,,,,,,,,,,,,,,,,,,,,,,,,,,,,,,,,,,,,,,,,,,,,,,,,,,,,,,,,,,,,,,,,,,,,,,,,,,,,,,,,,,,
OD_LM_3_2_017,Odisha Scheduled Areas Land Management,Odisha,Land Acquisition,29/18 Mahikani,case,PN_to_award,Elapsed time from Preliminary Notification to compensation award,307.0,10.0862,"CAG Odisha Report No. 4 of 2024, Appendix 3.2",Preliminary notification issued disregarding the views of Gram Sabha,,,,,,,,,,,,,,,,,,,,,3.15,,2019-05-10,2015-07-23,,,,2020-03-12,Conditional support,,,1.0,none,supervised_training,,,,,,,,,,,,,,,,,,,,,,,,,,,,,,,,,,,,,,,,,,,,,,,,,,,,,,,,,,,,,,,,,,,,,,,,,,,,,,,,,,,,,,,,,,,,,,,,,,,,,,,,,,,,
OD_LM_3_2_018,Odisha Scheduled Areas Land Management,Odisha,Land Acquisition,30/18 Badbanga,case,PN_to_award,Elapsed time from Preliminary Notification to compensation award,307.0,10.0862,"CAG Odisha Report No. 4 of 2024, Appendix 3.2",Preliminary notification issued disregarding the views of Gram Sabha,,,,,,,,,,,,,,,,,,,,,5.48,,2019-05-10,2018-04-27,,,,2020-03-12,Conditional support,,,1.0,none,supervised_training,,,,,,,,,,,,,,,,,,,,,,,,,,,,,,,,,,,,,,,,,,,,,,,,,,,,,,,,,,,,,,,,,,,,,,,,,,,,,,,,,,,,,,,,,,,,,,,,,,,,,,,,,,,,
OD_LM_3_2_019,Odisha Scheduled Areas Land Management,Odisha,Land Acquisition,31/18 Bijadihi,case,PN_to_award,Elapsed time from Preliminary Notification to compensation award,466.0,15.3101,"CAG Odisha Report No. 4 of 2024, Appendix 3.2",Preliminary notification issued disregarding the views of Gram Sabha,,,,,,,,,,,,,,,,,,,,,16.95,,2019-05-10,2015-07-23,,,,2020-08-18,Conditional support,,,1.0,none,supervised_training,,,,,,,,,,,,,,,,,,,,,,,,,,,,,,,,,,,,,,,,,,,,,,,,,,,,,,,,,,,,,,,,,,,,,,,,,,,,,,,,,,,,,,,,,,,,,,,,,,,,,,,,,,,,
OD_LM_3_2_020,Odisha Scheduled Areas Land Management,Odisha,Land Acquisition,32/18 Aunlabahal,case,PN_to_award,Elapsed time from Preliminary Notification to compensation award,483.0,15.8686,"CAG Odisha Report No. 4 of 2024, Appendix 3.2",Preliminary notification issued disregarding the views of Gram Sabha,,,,,,,,,,,,,,,,,,,,,22.43,,2019-05-10,2018-04-30,,,,2020-09-04,Conditional support,,,1.0,none,supervised_training,,,,,,,,,,,,,,,,,,,,,,,,,,,,,,,,,,,,,,,,,,,,,,,,,,,,,,,,,,,,,,,,,,,,,,,,,,,,,,,,,,,,,,,,,,,,,,,,,,,,,,,,,,,,
OD_LM_3_2_021,Odisha Scheduled Areas Land Management,Odisha,Land Acquisition,33/18 Sribhubanpur,case,PN_to_award,Elapsed time from Preliminary Notification to compensation award,375.0,12.3203,"CAG Odisha Report No. 4 of 2024, Appendix 3.2",Preliminary notification issued disregarding the views of Gram Sabha,,,,,,,,,,,,,,,,,,,,,1.77,,2019-05-10,2018-04-28,,,,2020-05-19,Conditional support,,,1.0,none,supervised_training,,,,,,,,,,,,,,,,,,,,,,,,,,,,,,,,,,,,,,,,,,,,,,,,,,,,,,,,,,,,,,,,,,,,,,,,,,,,,,,,,,,,,,,,,,,,,,,,,,,,,,,,,,,,
OD_LM_3_2_022,Odisha Scheduled Areas Land Management,Odisha,Land Acquisition,34/18 Budelkani,case,PN_to_award,Elapsed time from Preliminary Notification to compensation award,370.0,12.1561,"CAG Odisha Report No. 4 of 2024, Appendix 3.2",Preliminary notification issued disregarding the views of Gram Sabha,,,,,,,,,,,,,,,,,,,,,7.63,,2019-05-10,2015-05-20,,,,2020-05-14,Conditional support,,,1.0,none,supervised_training,,,,,,,,,,,,,,,,,,,,,,,,,,,,,,,,,,,,,,,,,,,,,,,,,,,,,,,,,,,,,,,,,,,,,,,,,,,,,,,,,,,,,,,,,,,,,,,,,,,,,,,,,,,,
OD_LM_3_2_023,Odisha Scheduled Areas Land Management,Odisha,Land Acquisition,40/18 Bramhanipali,case,PN_to_award,Elapsed time from Preliminary Notification to compensation award,298.0,9.7906,"CAG Odisha Report No. 4 of 2024, Appendix 3.2",Preliminary notification issued disregarding the views of Gram Sabha,,,,,,,,,,,,,,,,,,,,,3.47,,2019-05-10,2015-08-15,,,,2020-03-03,Conditional support,,,1.0,none,supervised_training,,,,,,,,,,,,,,,,,,,,,,,,,,,,,,,,,,,,,,,,,,,,,,,,,,,,,,,,,,,,,,,,,,,,,,,,,,,,,,,,,,,,,,,,,,,,,,,,,,,,,,,,,,,,
AIBP_LA_003,Dhansiri,Assam,Irrigation,,project,land_acquisition_shortfall,Project time overrun associated with incomplete land acquisition,6574.0,216.0,"CAG Report No. 22 of 2018 — Accelerated Irrigation Benefits Programme (Performance Audit), Report year ended March 2017","Annexure 4.9: 1306.02 ha required, 1258.90 ha in possession, 47.12 ha yet to be acquired (4% shortfall). CAG also reports a 18-year project time overrun associated with incomplete land acquisition; this is not treated as pure land-acquisition duration.",,,,,,,,,,,,,1,,216.0,6574.0,,,,,,,,,,,,,,,,1.0,associated_project_overrun,supervised_training_associated_overrun,,,,,,,,,,,,,,,,,,,,CAG AIBP sampled MMI projects — Annexure 4.9,,,,,,,,,,,,,,,,,,,,,,,,,,,,,,,,,,,,,,,,,,,,,,,,,,,not_specified_in_annexure,,,,,,,,,,,,,,,,,,,,,,,,126-128,,,,,,,,,,1306.02,1258.9,47.12,4.0
AIBP_LA_004,Borolia,Assam,Irrigation,,project,land_acquisition_shortfall,Project time overrun associated with incomplete land acquisition,6574.0,216.0,"CAG Report No. 22 of 2018 — Accelerated Irrigation Benefits Programme (Performance Audit), Report year ended March 2017","Annexure 4.9: 396.80 ha required, 172.49 ha in possession, 224.31 ha yet to be acquired (57% shortfall). CAG also reports a 18-year project time overrun associated with incomplete land acquisition; this is not treated as pure land-acquisition duration.",,,,,,,,,,,,,1,,216.0,6574.0,,,,,,,,,,,,,,,,1.0,associated_project_overrun,supervised_training_associated_overrun,,,,,,,,,,,,,,,,,,,,CAG AIBP sampled MMI projects — Annexure 4.9,,,,,,,,,,,,,,,,,,,,,,,,,,,,,,,,,,,,,,,,,,,,,,,,,,,not_specified_in_annexure,,,,,,,,,,,,,,,,,,,,,,,,126-128,,,,,,,,,,396.8,172.49,224.31,57.0
AIBP_LA_009,Sardar Sarovar,Gujarat,Irrigation,,project,land_acquisition_shortfall,Project time overrun associated with incomplete land acquisition,5844.0,192.0,"CAG Report No. 22 of 2018 — Accelerated Irrigation Benefits Programme (Performance Audit), Report year ended March 2017","Annexure 4.9: 59122.00 ha required, 57150.00 ha in possession, 1972.00 ha yet to be acquired (3% shortfall). CAG also reports a 16-year project time overrun associated with incomplete land acquisition; this is not treated as pure land-acquisition duration.",,,,,,,,,,,,,1,,192.0,5844.0,,,,,,,,,,,,,,,,1.0,associated_project_overrun,supervised_training_associated_overrun,,,,,,,,,,,,,,,,,,,,CAG AIBP sampled MMI projects — Annexure 4.9,,,,,,,,,,,,,,,,,,,,,,,,,,,,,,,,,,,,,,,,,,,,,,,,,,,Enhanced compensation; alignment/ownership/area issues; Government-to-private land transfer; possession issues,,,,,,,,,,,,,,,,,,,,,,,,126-128,,,,,,,,,,59122.0,57150.0,1972.0,3.0
AIBP_LA_046,Indiramma Flood Flow Canal of SRSP,Telangana,Irrigation,,project,land_acquisition_shortfall,Project time overrun associated with incomplete land acquisition,1826.0,60.0,"CAG Report No. 22 of 2018 — Accelerated Irrigation Benefits Programme (Performance Audit), Report year ended March 2017","Annexure 4.9: 13725.31 ha required, 11990.06 ha in possession, 1735.25 ha yet to be acquired (13% shortfall). CAG also reports a 5-year project time overrun associated with incomplete land acquisition; this is not treated as pure land-acquisition duration.",,,,,,,,,,,,,1,,60.0,1826.0,,,,,,,,,,,,,,,,1.0,associated_project_overrun,supervised_training_associated_overrun,,,,,,,,,,,,,,,,,,,,CAG AIBP sampled MMI projects — Annexure 4.9,,,,,,,,,,,,,,,,,,,,,,,,,,,,,,,,,,,,,,,,,,,,,,,,,,,Higher compensation demand and obstruction during survey/acquisition,,,,,,,,,,,,,,,,,,,,,,,,126-128,,,,,,,,,,13725.31,11990.06,1735.25,13.0
AIBP_LA_049,J. Chokka Rao LIS,Telangana,Irrigation,,project,land_acquisition_shortfall,Project time overrun associated with incomplete land acquisition,2922.0,96.0,"CAG Report No. 22 of 2018 — Accelerated Irrigation Benefits Programme (Performance Audit), Report year ended March 2017","Annexure 4.9: 14695.00 ha required, 12212.00 ha in possession, 2483.00 ha yet to be acquired (17% shortfall). CAG also reports a 8-year project time overrun associated with incomplete land acquisition; this is not treated as pure land-acquisition duration.",,,,,,,,,,,,,1,,96.0,2922.0,,,,,,,,,,,,,,,,1.0,associated_project_overrun,supervised_training_associated_overrun,,,,,,,,,,,,,,,,,,,,CAG AIBP sampled MMI projects — Annexure 4.9,,,,,,,,,,,,,,,,,,,,,,,,,,,,,,,,,,,,,,,,,,,,,,,,,,,Higher compensation demanded by farmers,,,,,,,,,,,,,,,,,,,,,,,,126-128,,,,,,,,,,14695.0,12212.0,2483.0,17.0
AIBP_LA_056,Tatko,West Bengal,Irrigation,,project,land_acquisition_shortfall,Land-acquisition shortfall recorded by CAG; project-level delay target not quantified in the cited passage,,,"CAG Report No. 22 of 2018 — Accelerated Irrigation Benefits Programme (Performance Audit), Report year ended March 2017","Annexure 4.9: 442.16 ha required, 403.70 ha in possession, 38.46 ha yet to be acquired (9% shortfall). No project-level time-overrun duration is assigned here because the annexure does not provide one for this project.",,,,,,,,,,,,,1,,,,,,,,,,,,,,,,,,,0.0,not_available,context_only_unlabeled,,,,,,,,,,,,,,,,,,,,CAG AIBP sampled MMI projects — Annexure 4.9,,,,,,,,,,,,,,,,,,,,,,,,,,,,,,,,,,,,,,,,,,,,,,,,,,,not_specified_in_annexure,,,,,,,,,,,,,,,,,,,,,,,,126-128,,,,,,,,,,442.16,403.7,38.46,9.0
